task_id,dataset_name,split_name,method,status,error,explained_index,explained_order,n_features_transformed,n_train_fit,n_val,n_test,n_classes,true_label_encoded,pred_label_encoded,target_label_encoded,pred_target_probability,runtime_seconds,attr_l1_norm,evidence,lambda_hyb,exactness_residual,p0,deletion_auc,deletion_drop_auc,insertion_auc,combined_score,test_accuracy,test_balanced_accuracy,test_log_loss
3913,kc2,openml_repeat0_fold0_sample0,diff_fpde,ok,,0,0,21,375,94,53,2,0,0,0,0.980079639066243,0.00411368999999695,29.152426922774268,29.152426922774268,,-7.105427357601002e-15,0.980079639066243,0.8671073567756179,0.11297228229062506,0.9625847750987102,0.5377785286946677,0.8113207547169812,0.6461038961038961,0.4290522661950722
3913,kc2,openml_repeat0_fold0_sample0,cos_fpde,ok,,0,0,21,375,94,53,2,0,0,0,0.980079639066243,0.004106055999997693,1.742821706211452,1.742821706211452,,-2.220446049250313e-16,0.980079639066243,0.8713433048010375,0.10873633426520546,0.9612456510069467,0.5349909926360761,0.8113207547169812,0.6461038961038961,0.4290522661950722
3913,kc2,openml_repeat0_fold0_sample0,hyb_fpde_grid,ok,,0,0,21,375,94,53,2,0,0,0,0.980079639066243,0.005998859000001744,1.0,1.0,1.0,0.0,0.980079639066243,0.8671073567756179,0.11297228229062506,0.9625847750987102,0.5377785286946677,0.8113207547169812,0.6461038961038961,0.4290522661950722
3913,kc2,openml_repeat0_fold0_sample0,shap,ok,,0,0,21,375,94,53,2,0,0,0,0.980079639066243,0.12769122399998878,2.614351202178926,,,,0.980079639066243,0.9868438384368672,-0.006764199370624224,0.6825476937832415,0.33789174720630866,0.8113207547169812,0.6461038961038961,0.4290522661950722
3913,kc2,openml_repeat0_fold0_sample0,lime,ok,,0,0,21,375,94,53,2,0,0,0,0.980079639066243,0.010537912999993182,0.5068432641604705,,,,0.980079639066243,0.9843186088969058,-0.004238969830662853,0.7198118236786224,0.3577864269239798,0.8113207547169812,0.6461038961038961,0.4290522661950722
3913,kc2,openml_repeat0_fold0_sample0,aime,ok,,0,0,21,375,94,53,2,0,0,0,0.980079639066243,0.005697066999999834,7.4462784142752465,,,,0.980079639066243,0.8713433048010375,0.10873633426520546,0.9612456510069467,0.5349909926360761,0.8113207547169812,0.6461038961038961,0.4290522661950722
3913,kc2,openml_repeat0_fold0_sample0,diff_fpde,ok,,1,1,21,375,94,53,2,0,0,0,0.980079639066243,0.003957488000011722,29.152426922774268,29.152426922774268,,-7.105427357601002e-15,0.980079639066243,0.8671073567756179,0.11297228229062506,0.9625847750987102,0.5377785286946677,0.8113207547169812,0.6461038961038961,0.4290522661950722
3913,kc2,openml_repeat0_fold0_sample0,cos_fpde,ok,,1,1,21,375,94,53,2,0,0,0,0.980079639066243,0.003983255999997937,1.742821706211452,1.742821706211452,,-2.220446049250313e-16,0.980079639066243,0.8713433048010375,0.10873633426520546,0.9612456510069467,0.5349909926360761,0.8113207547169812,0.6461038961038961,0.4290522661950722
3913,kc2,openml_repeat0_fold0_sample0,hyb_fpde_grid,ok,,1,1,21,375,94,53,2,0,0,0,0.980079639066243,0.005939088000005199,1.0,1.0,1.0,0.0,0.980079639066243,0.8671073567756179,0.11297228229062506,0.9625847750987102,0.5377785286946677,0.8113207547169812,0.6461038961038961,0.4290522661950722
3913,kc2,openml_repeat0_fold0_sample0,shap,ok,,1,1,21,375,94,53,2,0,0,0,0.980079639066243,0.029125463999989165,2.614351202178926,,,,0.980079639066243,0.9868438384368672,-0.006764199370624224,0.6825476937832415,0.33789174720630866,0.8113207547169812,0.6461038961038961,0.4290522661950722
3913,kc2,openml_repeat0_fold0_sample0,lime,ok,,1,1,21,375,94,53,2,0,0,0,0.980079639066243,0.00998958899999991,0.49980682039772495,,,,0.980079639066243,0.9845658693825279,-0.004486230316284923,0.5770505570676685,0.2862821633756918,0.8113207547169812,0.6461038961038961,0.4290522661950722
3913,kc2,openml_repeat0_fold0_sample0,aime,ok,,1,1,21,375,94,53,2,0,0,0,0.980079639066243,0.005272662999999511,7.4462784142752465,,,,0.980079639066243,0.8713433048010375,0.10873633426520546,0.9612456510069467,0.5349909926360761,0.8113207547169812,0.6461038961038961,0.4290522661950722
3913,kc2,openml_repeat0_fold0_sample0,diff_fpde,ok,,2,2,21,375,94,53,2,0,0,0,0.7233895487350456,0.003894309999992629,13.192548169753405,7.417757191914075,,-8.881784197001252e-16,0.7233895487350456,0.8678315966676493,-0.14444204793260373,0.8338056168052703,0.3446817844363333,0.8113207547169812,0.6461038961038961,0.4290522661950722
3913,kc2,openml_repeat0_fold0_sample0,cos_fpde,ok,,2,2,21,375,94,53,2,0,0,0,0.7233895487350456,0.0039626679999997805,1.4588983437836807,-0.5104991879926969,,-1.1102230246251565e-16,0.7233895487350456,0.9033523190554194,-0.17996277032037378,0.812772890299827,0.3164050599897266,0.8113207547169812,0.6461038961038961,0.4290522661950722
3913,kc2,openml_repeat0_fold0_sample0,hyb_fpde_grid,ok,,2,2,21,375,94,53,2,0,0,0,0.7233895487350456,0.005869117000003143,1.0000000000000002,0.562268721437818,1.0,-1.1102230246251565e-16,0.7233895487350456,0.8678315966676493,-0.14444204793260373,0.8338056168052703,0.3446817844363333,0.8113207547169812,0.6461038961038961,0.4290522661950722
3913,kc2,openml_repeat0_fold0_sample0,shap,ok,,2,2,21,375,94,53,2,0,0,0,0.7233895487350456,0.02715517600000794,4.060735195668167,,,,0.7233895487350456,0.9047589141387232,-0.18136936540367765,0.7733469126351145,0.2959887736157184,0.8113207547169812,0.6461038961038961,0.4290522661950722
3913,kc2,openml_repeat0_fold0_sample0,lime,ok,,2,2,21,375,94,53,2,0,0,0,0.7233895487350456,0.009875827000001891,0.5303017219416305,,,,0.7233895487350456,0.8712899305308244,-0.1479003817957788,0.8347050794172198,0.3434023488107205,0.8113207547169812,0.6461038961038961,0.4290522661950722
3913,kc2,openml_repeat0_fold0_sample0,aime,ok,,2,2,21,375,94,53,2,0,0,0,0.7233895487350456,0.005180011000007312,3.405774608051322,,,,0.7233895487350456,0.9038952991191103,-0.1805057503840647,0.812772890299827,0.31613356995788117,0.8113207547169812,0.6461038961038961,0.4290522661950722
3913,kc2,openml_repeat0_fold0_sample0,diff_fpde,ok,,3,3,21,375,94,53,2,0,0,0,0.5346923085762584,0.003922033000009151,10.116255788930877,5.798411855453544,,-3.552713678800501e-15,0.5346923085762584,0.9122394731858706,-0.37754716460961224,0.6605471473470622,0.141499991368725,0.8113207547169812,0.6461038961038961,0.4290522661950722
3913,kc2,openml_repeat0_fold0_sample0,cos_fpde,ok,,3,3,21,375,94,53,2,0,0,0,0.5346923085762584,0.0039360180000045375,1.4049148224106254,-0.8592467828383096,,1.1102230246251565e-16,0.5346923085762584,0.926386908481359,-0.3916945999051006,0.67715974948343,0.14273257478916473,0.8113207547169812,0.6461038961038961,0.4290522661950722
3913,kc2,openml_repeat0_fold0_sample0,hyb_fpde_grid,ok,,3,3,21,375,94,53,2,0,0,0,0.5346923085762584,0.005901828000006049,1.0,0.5731776633997451,1.0,0.0,0.5346923085762584,0.9122394731858706,-0.37754716460961224,0.6605471473470622,0.141499991368725,0.8113207547169812,0.6461038961038961,0.4290522661950722
3913,kc2,openml_repeat0_fold0_sample0,shap,ok,,3,3,21,375,94,53,2,0,0,0,0.5346923085762584,0.027383442999990848,4.349038636455775,,,,0.5346923085762584,0.9173864543081991,-0.3826941457319407,0.6035055127172466,0.11040568349265295,0.8113207547169812,0.6461038961038961,0.4290522661950722
3913,kc2,openml_repeat0_fold0_sample0,lime,ok,,3,3,21,375,94,53,2,0,0,0,0.5346923085762584,0.009981655000004253,0.4903016674596747,,,,0.5346923085762584,0.8416680012903452,-0.30697569271408687,0.7845856530750908,0.23880498018050195,0.8113207547169812,0.6461038961038961,0.4290522661950722
3913,kc2,openml_repeat0_fold0_sample0,aime,ok,,3,3,21,375,94,53,2,0,0,0,0.5346923085762584,0.005114548999998192,3.6634211623970567,,,,0.5346923085762584,0.926386908481359,-0.3916945999051006,0.67715974948343,0.14273257478916473,0.8113207547169812,0.6461038961038961,0.4290522661950722
3913,kc2,openml_repeat0_fold0_sample0,diff_fpde,ok,,4,4,21,375,94,53,2,0,0,0,0.980079639066243,0.00408059799998739,29.152426922774268,29.152426922774268,,-7.105427357601002e-15,0.980079639066243,0.8671073567756179,0.11297228229062506,0.9625847750987102,0.5377785286946677,0.8113207547169812,0.6461038961038961,0.4290522661950722
3913,kc2,openml_repeat0_fold0_sample0,cos_fpde,ok,,4,4,21,375,94,53,2,0,0,0,0.980079639066243,0.004016437999993627,1.742821706211452,1.742821706211452,,-2.220446049250313e-16,0.980079639066243,0.8713433048010375,0.10873633426520546,0.9612456510069467,0.5349909926360761,0.8113207547169812,0.6461038961038961,0.4290522661950722
3913,kc2,openml_repeat0_fold0_sample0,hyb_fpde_grid,ok,,4,4,21,375,94,53,2,0,0,0,0.980079639066243,0.00601059000000248,1.0,1.0,1.0,0.0,0.980079639066243,0.8671073567756179,0.11297228229062506,0.9625847750987102,0.5377785286946677,0.8113207547169812,0.6461038961038961,0.4290522661950722
3913,kc2,openml_repeat0_fold0_sample0,shap,ok,,4,4,21,375,94,53,2,0,0,0,0.980079639066243,0.027979314999996063,2.614351202178926,,,,0.980079639066243,0.9868438384368672,-0.006764199370624224,0.6825476937832415,0.33789174720630866,0.8113207547169812,0.6461038961038961,0.4290522661950722
3913,kc2,openml_repeat0_fold0_sample0,lime,ok,,4,4,21,375,94,53,2,0,0,0,0.980079639066243,0.010356845000004,0.46527849704850266,,,,0.980079639066243,0.9844327973560644,-0.004353158289821413,0.640367012561709,0.3180069271359438,0.8113207547169812,0.6461038961038961,0.4290522661950722
3913,kc2,openml_repeat0_fold0_sample0,aime,ok,,4,4,21,375,94,53,2,0,0,0,0.980079639066243,0.0052930109999920205,7.4462784142752465,,,,0.980079639066243,0.8713433048010375,0.10873633426520546,0.9612456510069467,0.5349909926360761,0.8113207547169812,0.6461038961038961,0.4290522661950722
3913,kc2,openml_repeat0_fold0_sample0,diff_fpde,ok,,5,5,21,375,94,53,2,0,0,0,0.9853374648336846,0.004014905000005342,15.161002868794286,12.23786866327637,,0.0,0.9853374648336846,0.948542187169133,0.036795277664551596,0.98337475996231,0.5100850188134308,0.8113207547169812,0.6461038961038961,0.4290522661950722
3913,kc2,openml_repeat0_fold0_sample0,cos_fpde,ok,,5,5,21,375,94,53,2,0,0,0,0.9853374648336846,0.0041187189999902785,1.5356770121945353,0.25956720511638776,,5.551115123125783e-17,0.9853374648336846,0.9600556044042041,0.02528186042948044,0.9673141562579146,0.4962980083436975,0.8113207547169812,0.6461038961038961,0.4290522661950722
3913,kc2,openml_repeat0_fold0_sample0,hyb_fpde_grid,ok,,5,5,21,375,94,53,2,0,0,0,0.9853374648336846,0.005910925000009115,0.9999999999999999,0.8071938755757002,1.0,0.0,0.9853374648336846,0.948542187169133,0.036795277664551596,0.98337475996231,0.5100850188134308,0.8113207547169812,0.6461038961038961,0.4290522661950722
3913,kc2,openml_repeat0_fold0_sample0,shap,ok,,5,5,21,375,94,53,2,0,0,0,0.9853374648336846,0.027590137999993658,4.097094155310788,,,,0.9853374648336846,0.9812606858691868,0.0040767789644977626,0.9219650789582376,0.4630209289613677,0.8113207547169812,0.6461038961038961,0.4290522661950722
3913,kc2,openml_repeat0_fold0_sample0,lime,ok,,5,5,21,375,94,53,2,0,0,0,0.9853374648336846,0.009863683999995487,0.47357695208205186,,,,0.9853374648336846,0.9822600367252273,0.0030774281084572364,0.8366463943453547,0.41986191122690597,0.8113207547169812,0.6461038961038961,0.4290522661950722
3913,kc2,openml_repeat0_fold0_sample0,aime,ok,,5,5,21,375,94,53,2,0,0,0,0.9853374648336846,0.00515483399999539,7.473241505300302,,,,0.9853374648336846,0.9600556044042041,0.02528186042948044,0.9673141562579146,0.4962980083436975,0.8113207547169812,0.6461038961038961,0.4290522661950722
3913,kc2,openml_repeat0_fold0_sample0,diff_fpde,ok,,6,6,21,375,94,53,2,0,0,0,0.8536789909853317,0.003870876999997108,19.10827355060671,18.68617736182133,,3.552713678800501e-15,0.8536789909853317,0.752151169550664,0.10152782143466776,0.9509127751599489,0.5262202982973083,0.8113207547169812,0.6461038961038961,0.4290522661950722
3913,kc2,openml_repeat0_fold0_sample0,cos_fpde,ok,,6,6,21,375,94,53,2,0,0,0,0.8536789909853317,0.003935337000001482,1.856375344808579,1.6286896215703672,,2.220446049250313e-16,0.8536789909853317,0.8864144833646058,-0.03273549237927409,0.9446480182078081,0.455956262914267,0.8113207547169812,0.6461038961038961,0.4290522661950722
3913,kc2,openml_repeat0_fold0_sample0,hyb_fpde_grid,ok,,6,6,21,375,94,53,2,0,0,0,0.8536789909853317,0.005922878000006904,0.9999999999999998,0.977910291703356,1.0,1.1102230246251565e-16,0.8536789909853317,0.752151169550664,0.10152782143466776,0.9509127751599489,0.5262202982973083,0.8113207547169812,0.6461038961038961,0.4290522661950722
3913,kc2,openml_repeat0_fold0_sample0,shap,ok,,6,6,21,375,94,53,2,0,0,0,0.8536789909853317,0.02950237800000366,3.493570863283423,,,,0.8536789909853317,0.9680935619603823,-0.11441457097505059,0.7047549445498013,0.29517018678737533,0.8113207547169812,0.6461038961038961,0.4290522661950722
3913,kc2,openml_repeat0_fold0_sample0,lime,ok,,6,6,21,375,94,53,2,0,0,0,0.8536789909853317,0.00983089400000381,0.4568561094640726,,,,0.8536789909853317,0.982155635689095,-0.1284766447037633,0.655797924816425,0.26366064005633083,0.8113207547169812,0.6461038961038961,0.4290522661950722
3913,kc2,openml_repeat0_fold0_sample0,aime,ok,,6,6,21,375,94,53,2,0,0,0,0.8536789909853317,0.0051745909999993955,10.839503115592926,,,,0.8536789909853317,0.8864144833646058,-0.03273549237927409,0.9446480182078081,0.455956262914267,0.8113207547169812,0.6461038961038961,0.4290522661950722
3913,kc2,openml_repeat0_fold0_sample0,diff_fpde,ok,,7,7,21,375,94,53,2,0,1,1,0.8834776695050709,0.003895421999999371,12.738533723096898,10.133041175640013,,0.0,0.8834776695050709,0.3497596406273555,0.5337180288777155,0.43860044554344546,0.48615923721058046,0.8113207547169812,0.6461038961038961,0.4290522661950722
3913,kc2,openml_repeat0_fold0_sample0,cos_fpde,ok,,7,7,21,375,94,53,2,0,1,1,0.8834776695050709,0.003938532999995914,1.6870045492872727,1.6238124277642472,,0.0,0.8834776695050709,0.30320348981977474,0.5802741796852962,0.5402332438375517,0.5602537117614239,0.8113207547169812,0.6461038961038961,0.4290522661950722
3913,kc2,openml_repeat0_fold0_sample0,hyb_fpde_grid,ok,,7,7,21,375,94,53,2,0,1,1,0.8834776695050709,0.005878995000003329,1.0,0.7954637006037258,1.0,2.220446049250313e-16,0.8834776695050709,0.3497596406273555,0.5337180288777155,0.43860044554344546,0.48615923721058046,0.8113207547169812,0.6461038961038961,0.4290522661950722
3913,kc2,openml_repeat0_fold0_sample0,shap,ok,,7,7,21,375,94,53,2,0,1,1,0.8834776695050709,0.028598711000000776,6.940083025906988,,,,0.8834776695050709,0.10694188540216384,0.776535784102907,0.850282232958046,0.8134090085304765,0.8113207547169812,0.6461038961038961,0.4290522661950722
3913,kc2,openml_repeat0_fold0_sample0,lime,ok,,7,7,21,375,94,53,2,0,1,1,0.8834776695050709,0.00999823600000127,0.4801263449315076,,,,0.8834776695050709,0.1066652537819329,0.776812415723138,0.8407189191714994,0.8087656674473187,0.8113207547169812,0.6461038961038961,0.4290522661950722
3913,kc2,openml_repeat0_fold0_sample0,aime,ok,,7,7,21,375,94,53,2,0,1,1,0.8834776695050709,0.005162879000010889,4.346886991560161,,,,0.8834776695050709,0.30320348981977474,0.5802741796852962,0.5402332438375517,0.5602537117614239,0.8113207547169812,0.6461038961038961,0.4290522661950722
3913,kc2,openml_repeat0_fold0_sample0,diff_fpde,ok,,8,8,21,375,94,53,2,0,1,1,0.7635645340310696,0.004161979999992127,20.29025171511012,15.282807639411146,,-1.7763568394002505e-15,0.7635645340310696,0.3797873586854718,0.3837771753455978,0.5552995140568725,0.4695383447012351,0.8113207547169812,0.6461038961038961,0.4290522661950722
3913,kc2,openml_repeat0_fold0_sample0,cos_fpde,ok,,8,8,21,375,94,53,2,0,1,1,0.7635645340310696,0.003969410999999923,1.8728478686742605,1.7009951397000445,,-2.220446049250313e-16,0.7635645340310696,0.3624360758068495,0.4011284582242201,0.5582498383016401,0.4796891482629301,0.8113207547169812,0.6461038961038961,0.4290522661950722
3913,kc2,openml_repeat0_fold0_sample0,hyb_fpde_grid,ok,,8,8,21,375,94,53,2,0,1,1,0.7635645340310696,0.005940160000008632,0.9999999999999999,0.7532093664481286,1.0,1.1102230246251565e-16,0.7635645340310696,0.3797873586854718,0.3837771753455978,0.5552995140568725,0.4695383447012351,0.8113207547169812,0.6461038961038961,0.4290522661950722
3913,kc2,openml_repeat0_fold0_sample0,shap,ok,,8,8,21,375,94,53,2,0,1,1,0.7635645340310696,0.02817169300000444,6.771437333603261,,,,0.7635645340310696,0.08410747489058276,0.6794570591404868,0.8217816215865814,0.7506193403635342,0.8113207547169812,0.6461038961038961,0.4290522661950722
3913,kc2,openml_repeat0_fold0_sample0,lime,ok,,8,8,21,375,94,53,2,0,1,1,0.7635645340310696,0.010040003999989722,0.5217287455035723,,,,0.7635645340310696,0.12056385756249788,0.6430006764685717,0.8372065649158331,0.7401036206922025,0.8113207547169812,0.6461038961038961,0.4290522661950722
3913,kc2,openml_repeat0_fold0_sample0,aime,ok,,8,8,21,375,94,53,2,0,1,1,0.7635645340310696,0.005115929999988111,8.70622453116405,,,,0.7635645340310696,0.3624360758068495,0.4011284582242201,0.5582498383016401,0.4796891482629301,0.8113207547169812,0.6461038961038961,0.4290522661950722
3913,kc2,openml_repeat0_fold0_sample0,diff_fpde,ok,,9,9,21,375,94,53,2,0,0,0,0.9736506350198434,0.003890974000000824,27.383104836909258,27.383104836909258,,3.552713678800501e-15,0.9736506350198434,0.8531432960361766,0.12050733898366683,0.9593738873721286,0.5399406131778977,0.8113207547169812,0.6461038961038961,0.4290522661950722
3913,kc2,openml_repeat0_fold0_sample0,cos_fpde,ok,,9,9,21,375,94,53,2,0,0,0,0.9736506350198434,0.0039270710000067766,1.8972920539616598,1.8972920539616598,,2.220446049250313e-16,0.9736506350198434,0.8519370642345265,0.12171357078531686,0.9580990765120844,0.5399063236487006,0.8113207547169812,0.6461038961038961,0.4290522661950722
3913,kc2,openml_repeat0_fold0_sample0,hyb_fpde_grid,ok,,9,9,21,375,94,53,2,0,0,0,0.9736506350198434,0.005878523999996332,0.9999999999999998,0.9999999999999998,1.0,-2.220446049250313e-16,0.9736506350198434,0.8531432960361766,0.12050733898366683,0.9593738873721286,0.5399406131778977,0.8113207547169812,0.6461038961038961,0.4290522661950722
3913,kc2,openml_repeat0_fold0_sample0,shap,ok,,9,9,21,375,94,53,2,0,0,0,0.9736506350198434,0.027836887999995952,2.2810336434467753,,,,0.9736506350198434,0.9781027368062336,-0.004452101786390217,0.8075489914715687,0.4015484448425892,0.8113207547169812,0.6461038961038961,0.4290522661950722
3913,kc2,openml_repeat0_fold0_sample0,lime,ok,,9,9,21,375,94,53,2,0,0,0,0.9736506350198434,0.009792692000004877,0.4731065485604687,,,,0.9736506350198434,0.9804633731358032,-0.006812738115959838,0.6609908255433234,0.3270890437136818,0.8113207547169812,0.6461038961038961,0.4290522661950722
3913,kc2,openml_repeat0_fold0_sample0,aime,ok,,9,9,21,375,94,53,2,0,0,0,0.9736506350198434,0.005300153999996837,7.997849369318686,,,,0.9736506350198434,0.8519370642345265,0.12171357078531686,0.9580990765120844,0.5399063236487006,0.8113207547169812,0.6461038961038961,0.4290522661950722
3913,kc2,openml_repeat0_fold0_sample0,diff_fpde,ok,,10,10,21,375,94,53,2,0,1,1,0.5272947539702243,0.0038773779999985436,21.197955419321975,17.12696599289521,,-3.552713678800501e-15,0.5272947539702243,0.13269809163040666,0.3945966623398176,0.5409927420177086,0.4677947021787631,0.8113207547169812,0.6461038961038961,0.4290522661950722
3913,kc2,openml_repeat0_fold0_sample0,cos_fpde,ok,,10,10,21,375,94,53,2,0,1,1,0.5272947539702243,0.003922002999999563,1.6926263172415272,1.6446185758202174,,2.220446049250313e-16,0.5272947539702243,0.10310624081223148,0.42418851315799283,0.5230959319022707,0.4736422225301318,0.8113207547169812,0.6461038961038961,0.4290522661950722
3913,kc2,openml_repeat0_fold0_sample0,hyb_fpde_grid,ok,,10,10,21,375,94,53,2,0,1,1,0.5272947539702243,0.005847245999987649,1.0,0.8079536754419226,1.0,0.0,0.5272947539702243,0.13269809163040666,0.3945966623398176,0.5409927420177086,0.4677947021787631,0.8113207547169812,0.6461038961038961,0.4290522661950722
3913,kc2,openml_repeat0_fold0_sample0,shap,ok,,10,10,21,375,94,53,2,0,1,1,0.5272947539702243,0.027431040999999823,7.159409381172926,,,,0.5272947539702243,0.04706682877314171,0.4802279251970826,0.7885458644467972,0.6343868948219399,0.8113207547169812,0.6461038961038961,0.4290522661950722
3913,kc2,openml_repeat0_fold0_sample0,lime,ok,,10,10,21,375,94,53,2,0,1,1,0.5272947539702243,0.009914019000007102,0.4949122207141945,,,,0.5272947539702243,0.053478038599334504,0.47381671537088976,0.7925384765870541,0.6331775959789719,0.8113207547169812,0.6461038961038961,0.4290522661950722
3913,kc2,openml_repeat0_fold0_sample0,aime,ok,,10,10,21,375,94,53,2,0,1,1,0.5272947539702243,0.005171555000003991,7.76117039670077,,,,0.5272947539702243,0.09741176364387062,0.4298829903263537,0.5372462033123058,0.48356459681932973,0.8113207547169812,0.6461038961038961,0.4290522661950722
3913,kc2,openml_repeat0_fold0_sample0,diff_fpde,ok,,11,11,21,375,94,53,2,0,0,0,0.9860040236371371,0.0038965550000114035,20.932211543623573,20.5101153548382,,7.105427357601002e-15,0.9860040236371371,0.7601201095739062,0.22588391406323094,0.9814962622843176,0.6036900881737743,0.8113207547169812,0.6461038961038961,0.4290522661950722
3913,kc2,openml_repeat0_fold0_sample0,cos_fpde,ok,,11,11,21,375,94,53,2,0,0,0,0.9860040236371371,0.004021197000000143,1.9067372921492916,1.712574825284261,,0.0,0.9860040236371371,0.7897158135667197,0.1962882100704174,0.9839143280594508,0.5901012690649341,0.8113207547169812,0.6461038961038961,0.4290522661950722
3913,kc2,openml_repeat0_fold0_sample0,hyb_fpde_grid,ok,,11,11,21,375,94,53,2,0,0,0,0.9860040236371371,0.005877122000001123,1.0,0.979835088714553,1.0,-1.1102230246251565e-16,0.9860040236371371,0.7601201095739062,0.22588391406323094,0.9814962622843176,0.6036900881737743,0.8113207547169812,0.6461038961038961,0.4290522661950722
3913,kc2,openml_repeat0_fold0_sample0,shap,ok,,11,11,21,375,94,53,2,0,0,0,0.9860040236371371,0.027738905999996177,3.9194158484161057,,,,0.9860040236371371,0.972183211001111,0.01382081263602608,0.846774704793701,0.43029775871486353,0.8113207547169812,0.6461038961038961,0.4290522661950722
3913,kc2,openml_repeat0_fold0_sample0,lime,ok,,11,11,21,375,94,53,2,0,0,0,0.9860040236371371,0.01002397400000632,0.47597192541560013,,,,0.9860040236371371,0.9826813464677346,0.003322677169402488,0.7397542273972741,0.3715384522833383,0.8113207547169812,0.6461038961038961,0.4290522661950722
3913,kc2,openml_repeat0_fold0_sample0,aime,ok,,11,11,21,375,94,53,2,0,0,0,0.9860040236371371,0.005196632000007639,9.248122117642794,,,,0.9860040236371371,0.7897158135667197,0.1962882100704174,0.9839143280594508,0.5901012690649341,0.8113207547169812,0.6461038961038961,0.4290522661950722
3913,kc2,openml_repeat0_fold0_sample0,diff_fpde,ok,,12,12,21,375,94,53,2,0,0,0,0.7706417477564675,0.003887286999997741,6.274390463334203,-0.013820339011731297,,-6.661338147750939e-16,0.7706417477564675,0.8591631950419418,-0.08852144728547429,0.9104080881982426,0.41094332045638415,0.8113207547169812,0.6461038961038961,0.4290522661950722
3913,kc2,openml_repeat0_fold0_sample0,cos_fpde,ok,,12,12,21,375,94,53,2,0,0,0,0.7706417477564675,0.003944704999994997,1.6403073287690928,-1.5889693205021138,,0.0,0.7706417477564675,0.8283904737767485,-0.057748726020280916,0.889902834700079,0.41607705433989906,0.8113207547169812,0.6461038961038961,0.4290522661950722
3913,kc2,openml_repeat0_fold0_sample0,hyb_fpde_grid,ok,,12,12,21,375,94,53,2,0,0,0,0.7706417477564675,0.005920001999996316,1.0,-0.00220265842435112,1.0,-1.7780915628762273e-17,0.7706417477564675,0.8591631950419418,-0.08852144728547429,0.9104080881982426,0.41094332045638415,0.8113207547169812,0.6461038961038961,0.4290522661950722
3913,kc2,openml_repeat0_fold0_sample0,shap,ok,,12,12,21,375,94,53,2,0,0,0,0.7706417477564675,0.02814602600000171,6.014597905628729,,,,0.7706417477564675,0.9594811219047896,-0.18883937414832208,0.7637772916477029,0.2874689587496904,0.8113207547169812,0.6461038961038961,0.4290522661950722
3913,kc2,openml_repeat0_fold0_sample0,lime,ok,,12,12,21,375,94,53,2,0,0,0,0.7706417477564675,0.010318092999995088,0.49764515950528654,,,,0.7706417477564675,0.8014288733049202,-0.030787125548452643,0.935630730857066,0.4524218026543067,0.8113207547169812,0.6461038961038961,0.4290522661950722
3913,kc2,openml_repeat0_fold0_sample0,aime,ok,,12,12,21,375,94,53,2,0,0,0,0.7706417477564675,0.005303320999999528,7.050550869147585,,,,0.7706417477564675,0.8283904737767485,-0.057748726020280916,0.889902834700079,0.41607705433989906,0.8113207547169812,0.6461038961038961,0.4290522661950722
3913,kc2,openml_repeat0_fold0_sample0,diff_fpde,ok,,13,13,21,375,94,53,2,0,0,0,0.9750960354595704,0.0038794220000113455,25.47812780796767,25.47812780796767,,0.0,0.9750960354595704,0.8324179095447333,0.14267812591483708,0.9728410317285535,0.5577595788216954,0.8113207547169812,0.6461038961038961,0.4290522661950722
3913,kc2,openml_repeat0_fold0_sample0,cos_fpde,ok,,13,13,21,375,94,53,2,0,0,0,0.9750960354595704,0.004015056000000072,1.9744535462579877,1.9744535462579877,,-4.440892098500626e-16,0.9750960354595704,0.8081053604186925,0.16699067504087783,0.975505797041754,0.5712482360413159,0.8113207547169812,0.6461038961038961,0.4290522661950722
3913,kc2,openml_repeat0_fold0_sample0,hyb_fpde_grid,ok,,13,13,21,375,94,53,2,0,0,0,0.9750960354595704,0.005898471999998378,0.9999999999999999,0.9999999999999999,1.0,-1.1102230246251565e-16,0.9750960354595704,0.8324179095447333,0.14267812591483708,0.9728410317285535,0.5577595788216954,0.8113207547169812,0.6461038961038961,0.4290522661950722
3913,kc2,openml_repeat0_fold0_sample0,shap,ok,,13,13,21,375,94,53,2,0,0,0,0.9750960354595704,0.03096248399999979,2.2588473186910636,,,,0.9750960354595704,0.9765051646185363,-0.0014091291589659605,0.8516844925463222,0.4251376816936781,0.8113207547169812,0.6461038961038961,0.4290522661950722
3913,kc2,openml_repeat0_fold0_sample0,lime,ok,,13,13,21,375,94,53,2,0,0,0,0.9750960354595704,0.0122912169999978,0.494282972120566,,,,0.9750960354595704,0.9800582304096203,-0.004962194950049903,0.643053143317953,0.31904547418395157,0.8113207547169812,0.6461038961038961,0.4290522661950722
3913,kc2,openml_repeat0_fold0_sample0,aime,ok,,13,13,21,375,94,53,2,0,0,0,0.9750960354595704,0.008182294999997453,9.704478268662974,,,,0.9750960354595704,0.8081053604186925,0.16699067504087783,0.975505797041754,0.5712482360413159,0.8113207547169812,0.6461038961038961,0.4290522661950722
3913,kc2,openml_repeat0_fold0_sample0,diff_fpde,ok,,14,14,21,375,94,53,2,0,0,0,0.9945082691904295,0.008166106000004447,16.74348462077185,15.784508622013778,,-3.552713678800501e-15,0.9945082691904295,0.9309379678617696,0.06357030132865982,0.9814512560139633,0.5225107786713116,0.8113207547169812,0.6461038961038961,0.4290522661950722
3913,kc2,openml_repeat0_fold0_sample0,cos_fpde,ok,,14,14,21,375,94,53,2,0,0,0,0.9945082691904295,0.0068408510000068645,1.6779887943168665,1.1130810322018745,,2.220446049250313e-16,0.9945082691904295,0.9720051106658661,0.022503158524563305,0.9771291122169882,0.49981613537077574,0.8113207547169812,0.6461038961038961,0.4290522661950722
3913,kc2,openml_repeat0_fold0_sample0,hyb_fpde_grid,ok,,14,14,21,375,94,53,2,0,0,0,0.9945082691904295,0.005976147000012588,1.0,0.9427254230240478,1.0,1.1102230246251565e-16,0.9945082691904295,0.9309379678617696,0.06357030132865982,0.9814512560139633,0.5225107786713116,0.8113207547169812,0.6461038961038961,0.4290522661950722
3913,kc2,openml_repeat0_fold0_sample0,shap,ok,,14,14,21,375,94,53,2,0,0,0,0.9945082691904295,0.027956712999994693,4.2913536331658,,,,0.9945082691904295,0.9860202976100925,0.008487971580336984,0.9458318631295564,0.47715991735494667,0.8113207547169812,0.6461038961038961,0.4290522661950722
3913,kc2,openml_repeat0_fold0_sample0,lime,ok,,14,14,21,375,94,53,2,0,0,0,0.9945082691904295,0.009917255000004843,0.4719300861427487,,,,0.9945082691904295,0.9878116544149105,0.006696614775518972,0.8711259903286724,0.4389113025520957,0.8113207547169812,0.6461038961038961,0.4290522661950722
3913,kc2,openml_repeat0_fold0_sample0,aime,ok,,14,14,21,375,94,53,2,0,0,0,0.9945082691904295,0.005250492000001827,8.870862304785073,,,,0.9945082691904295,0.9720051106658661,0.022503158524563305,0.9771291122169882,0.49981613537077574,0.8113207547169812,0.6461038961038961,0.4290522661950722
3913,kc2,openml_repeat0_fold0_sample0,diff_fpde,ok,,15,15,21,375,94,53,2,0,0,0,0.9833325566623776,0.003919386999996277,12.228601199434376,8.429976416887635,,1.7763568394002505e-15,0.9833325566623776,0.9464126078077812,0.036919948854596374,0.9857418806788627,0.5113309147667295,0.8113207547169812,0.6461038961038961,0.4290522661950722
3913,kc2,openml_repeat0_fold0_sample0,cos_fpde,ok,,15,15,21,375,94,53,2,0,0,0,0.9833325566623776,0.003963147999996863,1.3434802453232702,-0.4575570627308445,,-1.6653345369377348e-16,0.9833325566623776,0.95382489795321,0.029507658709167606,0.9826614023104534,0.5060845305098105,0.8113207547169812,0.6461038961038961,0.4290522661950722
3913,kc2,openml_repeat0_fold0_sample0,hyb_fpde_grid,ok,,15,15,21,375,94,53,2,0,0,0,0.9833325566623776,0.005887831999999094,1.0,0.6893655520696477,1.0,-1.1102230246251565e-16,0.9833325566623776,0.9464126078077812,0.036919948854596374,0.9857418806788627,0.5113309147667295,0.8113207547169812,0.6461038961038961,0.4290522661950722
3913,kc2,openml_repeat0_fold0_sample0,shap,ok,,15,15,21,375,94,53,2,0,0,0,0.9833325566623776,0.028885806000005232,3.9908369982166163,,,,0.9833325566623776,0.9826953421089892,0.0006372145533883877,0.9399263098298114,0.4702817621915999,0.8113207547169812,0.6461038961038961,0.4290522661950722
3913,kc2,openml_repeat0_fold0_sample0,lime,ok,,15,15,21,375,94,53,2,0,0,0,0.9833325566623776,0.012061947999995937,0.4988822502425977,,,,0.9833325566623776,0.9811324318791664,0.002200124783211188,0.9489569437237677,0.47557853425348945,0.8113207547169812,0.6461038961038961,0.4290522661950722
3913,kc2,openml_repeat0_fold0_sample0,aime,ok,,15,15,21,375,94,53,2,0,0,0,0.9833325566623776,0.005322305999996502,3.813051161290195,,,,0.9833325566623776,0.9536669896950192,0.029665566967358448,0.9826614023104534,0.5061634846389059,0.8113207547169812,0.6461038961038961,0.4290522661950722
3913,kc2,openml_repeat0_fold0_sample0,diff_fpde,ok,,16,16,21,375,94,53,2,0,0,0,0.9923797207947613,0.004002432999996586,23.189269553310112,23.189269553310112,,0.0,0.9923797207947613,0.8510661129617446,0.14131360783301672,0.9798915851532507,0.5606025964931337,0.8113207547169812,0.6461038961038961,0.4290522661950722
3913,kc2,openml_repeat0_fold0_sample0,cos_fpde,ok,,16,16,21,375,94,53,2,0,0,0,0.9923797207947613,0.00399467699999434,1.9244234490409091,1.8884173570403855,,2.220446049250313e-16,0.9923797207947613,0.850828192022918,0.1415515287718433,0.9795602258085101,0.5605558772901766,0.8113207547169812,0.6461038961038961,0.4290522661950722
3913,kc2,openml_repeat0_fold0_sample0,hyb_fpde_grid,ok,,16,16,21,375,94,53,2,0,0,0,0.9923797207947613,0.005976697999997782,1.0000000000000002,1.0000000000000002,1.0,2.220446049250313e-16,0.9923797207947613,0.8510661129617446,0.14131360783301672,0.9798915851532507,0.5606025964931337,0.8113207547169812,0.6461038961038961,0.4290522661950722
3913,kc2,openml_repeat0_fold0_sample0,shap,ok,,16,16,21,375,94,53,2,0,0,0,0.9923797207947613,0.03130993199999921,4.028263201897708,,,,0.9923797207947613,0.979632196171456,0.012747524623305306,0.8355799971081765,0.4241637608657409,0.8113207547169812,0.6461038961038961,0.4290522661950722
3913,kc2,openml_repeat0_fold0_sample0,lime,ok,,16,16,21,375,94,53,2,0,0,0,0.9923797207947613,0.010407238999988522,0.47039512602507433,,,,0.9923797207947613,0.9862103991878127,0.006169321606948608,0.6828914283918649,0.34453037499940675,0.8113207547169812,0.6461038961038961,0.4290522661950722
3913,kc2,openml_repeat0_fold0_sample0,aime,ok,,16,16,21,375,94,53,2,0,0,0,0.9923797207947613,0.005396765000000414,9.18961562733554,,,,0.9923797207947613,0.8379941756760397,0.1543855451187216,0.9808754934564176,0.5676305192875696,0.8113207547169812,0.6461038961038961,0.4290522661950722
3913,kc2,openml_repeat0_fold0_sample0,diff_fpde,ok,,17,17,21,375,94,53,2,0,0,0,0.9414427359612223,0.004151469999996493,28.36433800099205,28.36433800099205,,-3.552713678800501e-15,0.9414427359612223,0.9022281121142042,0.039214623847018126,0.9371894885674552,0.48820205620723667,0.8113207547169812,0.6461038961038961,0.4290522661950722
3913,kc2,openml_repeat0_fold0_sample0,cos_fpde,ok,,17,17,21,375,94,53,2,0,0,0,0.9414427359612223,0.004008483999996315,1.713986973106199,1.713986973106199,,0.0,0.9414427359612223,0.906291499729856,0.03515123623136629,0.9376041682686236,0.48637770224999494,0.8113207547169812,0.6461038961038961,0.4290522661950722
3913,kc2,openml_repeat0_fold0_sample0,hyb_fpde_grid,ok,,17,17,21,375,94,53,2,0,0,0,0.9414427359612223,0.005960207000001105,1.0,1.0,1.0,0.0,0.9414427359612223,0.9022281121142042,0.039214623847018126,0.9371894885674552,0.48820205620723667,0.8113207547169812,0.6461038961038961,0.4290522661950722
3913,kc2,openml_repeat0_fold0_sample0,shap,ok,,17,17,21,375,94,53,2,0,0,0,0.9414427359612223,0.029399466000000984,2.8205404558451104,,,,0.9414427359612223,0.9739308880433568,-0.032488152082134514,0.8332578282572102,0.40038483808753783,0.8113207547169812,0.6461038961038961,0.4290522661950722
3913,kc2,openml_repeat0_fold0_sample0,lime,ok,,17,17,21,375,94,53,2,0,0,0,0.9414427359612223,0.010160398000010673,0.47793348371911454,,,,0.9414427359612223,0.980915233196971,-0.03947249723574875,0.6365253283955671,0.29852641557990917,0.8113207547169812,0.6461038961038961,0.4290522661950722
3913,kc2,openml_repeat0_fold0_sample0,aime,ok,,17,17,21,375,94,53,2,0,0,0,0.9414427359612223,0.005183938000001831,7.128119991416263,,,,0.9414427359612223,0.906291499729856,0.03515123623136629,0.9376041682686236,0.48637770224999494,0.8113207547169812,0.6461038961038961,0.4290522661950722
3913,kc2,openml_repeat0_fold0_sample0,diff_fpde,ok,,18,18,21,375,94,53,2,0,0,0,0.9963860873785036,0.00403647500000659,26.953407979333345,24.705920436640827,,3.552713678800501e-15,0.9963860873785036,0.9183888918477247,0.077997195530779,0.9797955457529994,0.5288963706418892,0.8113207547169812,0.6461038961038961,0.4290522661950722
3913,kc2,openml_repeat0_fold0_sample0,cos_fpde,ok,,18,18,21,375,94,53,2,0,0,0,0.9963860873785036,0.003996710999999209,1.8336591628601524,1.5143527538743196,,0.0,0.9963860873785036,0.906662501719164,0.08972358565933969,0.9823238522911636,0.5360237189752517,0.8113207547169812,0.6461038961038961,0.4290522661950722
3913,kc2,openml_repeat0_fold0_sample0,hyb_fpde_grid,ok,,18,18,21,375,94,53,2,0,0,0,0.9963860873785036,0.005936653000006231,0.9999999999999999,0.9166158303834603,1.0,-3.3306690738754696e-16,0.9963860873785036,0.9183888918477247,0.077997195530779,0.9797955457529994,0.5288963706418892,0.8113207547169812,0.6461038961038961,0.4290522661950722
3913,kc2,openml_repeat0_fold0_sample0,shap,ok,,18,18,21,375,94,53,2,0,0,0,0.9963860873785036,0.02815668600000265,3.4923444386587934,,,,0.9963860873785036,0.9894549949039795,0.00693109247452417,0.7203332578321922,0.36363217515335816,0.8113207547169812,0.6461038961038961,0.4290522661950722
3913,kc2,openml_repeat0_fold0_sample0,lime,ok,,18,18,21,375,94,53,2,0,0,0,0.9963860873785036,0.009830020999999078,0.4869591535543699,,,,0.9963860873785036,0.9894654296821133,0.0069206576963903865,0.7077732585165718,0.3573469581064811,0.8113207547169812,0.6461038961038961,0.4290522661950722
3913,kc2,openml_repeat0_fold0_sample0,aime,ok,,18,18,21,375,94,53,2,0,0,0,0.9963860873785036,0.005165353999998956,7.846358673554536,,,,0.9963860873785036,0.906662501719164,0.08972358565933969,0.9823238522911636,0.5360237189752517,0.8113207547169812,0.6461038961038961,0.4290522661950722
3913,kc2,openml_repeat0_fold0_sample0,diff_fpde,ok,,19,19,21,375,94,53,2,0,0,0,0.8104432422781147,0.003968829000001506,15.781464038386387,8.97707504755254,,1.7763568394002505e-15,0.8104432422781147,0.8185230776537742,-0.008079835375659483,0.9053945130889958,0.44865733885666814,0.8113207547169812,0.6461038961038961,0.4290522661950722
3913,kc2,openml_repeat0_fold0_sample0,cos_fpde,ok,,19,19,21,375,94,53,2,0,0,0,0.8104432422781147,0.004004866999991918,1.387253251241316,-0.25717196065629694,,5.551115123125783e-17,0.8104432422781147,0.8791207213880574,-0.06867747910994271,0.8698204634815713,0.4005714921858143,0.8113207547169812,0.6461038961038961,0.4290522661950722
3913,kc2,openml_repeat0_fold0_sample0,hyb_fpde_grid,ok,,19,19,21,375,94,53,2,0,0,0,0.8104432422781147,0.006017323999998325,1.0000000000000002,0.5688366444150529,1.0,1.1102230246251565e-16,0.8104432422781147,0.8185230776537742,-0.008079835375659483,0.9053945130889958,0.44865733885666814,0.8113207547169812,0.6461038961038961,0.4290522661950722
3913,kc2,openml_repeat0_fold0_sample0,shap,ok,,19,19,21,375,94,53,2,0,0,0,0.8104432422781147,0.028340990000003785,3.888951828099341,,,,0.8104432422781147,0.9114435790664402,-0.10100033678832554,0.8264127893688606,0.36270622629026755,0.8113207547169812,0.6461038961038961,0.4290522661950722
3913,kc2,openml_repeat0_fold0_sample0,lime,ok,,19,19,21,375,94,53,2,0,0,0,0.8104432422781147,0.009968379999989452,0.5317836522217972,,,,0.8104432422781147,0.9150624815041006,-0.10461923922598593,0.821364675366413,0.35837271807021354,0.8113207547169812,0.6461038961038961,0.4290522661950722
3913,kc2,openml_repeat0_fold0_sample0,aime,ok,,19,19,21,375,94,53,2,0,0,0,0.8104432422781147,0.005221699000003355,3.125154293772075,,,,0.8104432422781147,0.8791207213880574,-0.06867747910994271,0.8698204634815713,0.4005714921858143,0.8113207547169812,0.6461038961038961,0.4290522661950722
3913,kc2,openml_repeat0_fold0_sample0,diff_fpde,ok,,20,20,21,375,94,53,2,0,0,0,0.9877422099038004,0.003993395999998484,17.28407570847768,16.325099709719616,,0.0,0.9877422099038004,0.9049859140110991,0.08275629589270128,0.9857585934460896,0.5342574446693955,0.8113207547169812,0.6461038961038961,0.4290522661950722
3913,kc2,openml_repeat0_fold0_sample0,cos_fpde,ok,,20,20,21,375,94,53,2,0,0,0,0.9877422099038004,0.004001020000004019,1.723918334587102,1.2257740624040674,,0.0,0.9877422099038004,0.9731664802640714,0.014575729639728974,0.9750799316578241,0.49482783064877656,0.8113207547169812,0.6461038961038961,0.4290522661950722
3913,kc2,openml_repeat0_fold0_sample0,hyb_fpde_grid,ok,,20,20,21,375,94,53,2,0,0,0,0.9877422099038004,0.005929760000000783,1.0000000000000002,0.9445167901985237,1.0,-2.220446049250313e-16,0.9877422099038004,0.9049859140110991,0.08275629589270128,0.9857585934460896,0.5342574446693955,0.8113207547169812,0.6461038961038961,0.4290522661950722
3913,kc2,openml_repeat0_fold0_sample0,shap,ok,,20,20,21,375,94,53,2,0,0,0,0.9877422099038004,0.028320100000001958,4.222668458834358,,,,0.9877422099038004,0.9834743597490572,0.00426785015474318,0.931991378373771,0.4681296142642571,0.8113207547169812,0.6461038961038961,0.4290522661950722
3913,kc2,openml_repeat0_fold0_sample0,lime,ok,,20,20,21,375,94,53,2,0,0,0,0.9877422099038004,0.009925980999994977,0.48420231898247923,,,,0.9877422099038004,0.9851162968901109,0.002625913013689418,0.8677912668397921,0.4352085899267408,0.8113207547169812,0.6461038961038961,0.4290522661950722
3913,kc2,openml_repeat0_fold0_sample0,aime,ok,,20,20,21,375,94,53,2,0,0,0,0.9877422099038004,0.005129556999989404,9.178996160566165,,,,0.9877422099038004,0.9538135738393849,0.03392863606441543,0.9795693253056945,0.5067489806850549,0.8113207547169812,0.6461038961038961,0.4290522661950722
3913,kc2,openml_repeat0_fold0_sample0,diff_fpde,ok,,21,21,21,375,94,53,2,0,0,0,0.9912998027326516,0.003902615999990644,26.367106127734576,26.367106127734576,,3.552713678800501e-15,0.9912998027326516,0.9157711104132289,0.07552869231942272,0.9648480695449446,0.5201883809321837,0.8113207547169812,0.6461038961038961,0.4290522661950722
3913,kc2,openml_repeat0_fold0_sample0,cos_fpde,ok,,21,21,21,375,94,53,2,0,0,0,0.9912998027326516,0.00396041400000513,1.872012483215363,1.872012483215363,,4.440892098500626e-16,0.9912998027326516,0.9242792719988034,0.06702053073384817,0.9633498644171468,0.5151851975754975,0.8113207547169812,0.6461038961038961,0.4290522661950722
3913,kc2,openml_repeat0_fold0_sample0,hyb_fpde_grid,ok,,21,21,21,375,94,53,2,0,0,0,0.9912998027326516,0.0058923999999933585,0.9999999999999999,0.9999999999999999,1.0,-1.1102230246251565e-16,0.9912998027326516,0.9157711104132289,0.07552869231942272,0.9648480695449446,0.5201883809321837,0.8113207547169812,0.6461038961038961,0.4290522661950722
3913,kc2,openml_repeat0_fold0_sample0,shap,ok,,21,21,21,375,94,53,2,0,0,0,0.9912998027326516,0.02823984100000132,3.706499461862849,,,,0.9912998027326516,0.9843328954943666,0.0069669072382849695,0.7429973892428239,0.3749821482405544,0.8113207547169812,0.6461038961038961,0.4290522661950722
3913,kc2,openml_repeat0_fold0_sample0,lime,ok,,21,21,21,375,94,53,2,0,0,0,0.9912998027326516,0.0132790410000041,0.49252724712529977,,,,0.9912998027326516,0.9849725068278898,0.006327295904761776,0.6071637928005927,0.30674554435267726,0.8113207547169812,0.6461038961038961,0.4290522661950722
3913,kc2,openml_repeat0_fold0_sample0,aime,ok,,21,21,21,375,94,53,2,0,0,0,0.9912998027326516,0.005261312999991219,7.509340874029584,,,,0.9912998027326516,0.9043618986277896,0.08693790410486202,0.9672088689821494,0.5270733865435058,0.8113207547169812,0.6461038961038961,0.4290522661950722
3913,kc2,openml_repeat0_fold0_sample0,diff_fpde,ok,,22,22,21,375,94,53,2,0,0,0,0.7669475148862825,0.003944243999995933,16.689182832830088,-13.021853525381687,,1.7763568394002505e-15,0.7669475148862825,0.9055368692897106,-0.138589354403428,0.6377285360205297,0.24956959080855085,0.8113207547169812,0.6461038961038961,0.4290522661950722
3913,kc2,openml_repeat0_fold0_sample0,cos_fpde,ok,,22,22,21,375,94,53,2,0,0,0,0.7669475148862825,0.004012291000009327,1.7955385795591392,-1.6949076823102485,,2.220446049250313e-16,0.7669475148862825,0.9054873420332579,-0.13853982714697533,0.7014505107657909,0.2814553418094078,0.8113207547169812,0.6461038961038961,0.4290522661950722
3913,kc2,openml_repeat0_fold0_sample0,hyb_fpde_grid,ok,,22,22,21,375,94,53,2,0,0,0,0.7669475148862825,0.00599299800001063,1.0000000000000002,-0.7802571076018041,1.0,-1.1102230246251565e-16,0.7669475148862825,0.9055368692897106,-0.138589354403428,0.6377285360205297,0.24956959080855085,0.8113207547169812,0.6461038961038961,0.4290522661950722
3913,kc2,openml_repeat0_fold0_sample0,shap,ok,,22,22,21,375,94,53,2,0,0,0,0.7669475148862825,0.028932944999993992,4.88736072143686,,,,0.7669475148862825,0.9465488668094888,-0.17960135192320625,0.6579553397006674,0.2391769938887306,0.8113207547169812,0.6461038961038961,0.4290522661950722
3913,kc2,openml_repeat0_fold0_sample0,lime,ok,,22,22,21,375,94,53,2,0,0,0,0.7669475148862825,0.010053189000004181,0.4710511491279943,,,,0.7669475148862825,0.6332960382231464,0.13365147666313615,0.8928857268494651,0.5132686017563006,0.8113207547169812,0.6461038961038961,0.4290522661950722
3913,kc2,openml_repeat0_fold0_sample0,aime,ok,,22,22,21,375,94,53,2,0,0,0,0.7669475148862825,0.0051240970000066,6.123586834090104,,,,0.7669475148862825,0.9054873420332579,-0.13853982714697533,0.7014505107657909,0.2814553418094078,0.8113207547169812,0.6461038961038961,0.4290522661950722
3913,kc2,openml_repeat0_fold0_sample0,diff_fpde,ok,,23,23,21,375,94,53,2,0,0,0,0.9773442992435238,0.003904259000009347,25.052882632672883,25.052882632672883,,7.105427357601002e-15,0.9773442992435238,0.8377869291852236,0.13955737005830027,0.9713551375164009,0.5554562537873506,0.8113207547169812,0.6461038961038961,0.4290522661950722
3913,kc2,openml_repeat0_fold0_sample0,cos_fpde,ok,,23,23,21,375,94,53,2,0,0,0,0.9773442992435238,0.003942370000004303,1.9366370079046265,1.9338669617930182,,4.440892098500626e-16,0.9773442992435238,0.8397879160055872,0.13755638323793662,0.9704623881218919,0.5540093856799142,0.8113207547169812,0.6461038961038961,0.4290522661950722
3913,kc2,openml_repeat0_fold0_sample0,hyb_fpde_grid,ok,,23,23,21,375,94,53,2,0,0,0,0.9773442992435238,0.005862824999994132,0.9999999999999999,0.9999999999999999,1.0,-1.1102230246251565e-16,0.9773442992435238,0.8377869291852236,0.13955737005830027,0.9713551375164009,0.5554562537873506,0.8113207547169812,0.6461038961038961,0.4290522661950722
3913,kc2,openml_repeat0_fold0_sample0,shap,ok,,23,23,21,375,94,53,2,0,0,0,0.9773442992435238,0.028278584000005935,3.1481643919120055,,,,0.9773442992435238,0.9784091405612605,-0.0010648413177366534,0.710567302635292,0.35475123065877767,0.8113207547169812,0.6461038961038961,0.4290522661950722
3913,kc2,openml_repeat0_fold0_sample0,lime,ok,,23,23,21,375,94,53,2,0,0,0,0.9773442992435238,0.010098242000012192,0.4529807519440169,,,,0.9773442992435238,0.9823634313928666,-0.005019132149342798,0.6440678092106538,0.3195243385306555,0.8113207547169812,0.6461038961038961,0.4290522661950722
3913,kc2,openml_repeat0_fold0_sample0,aime,ok,,23,23,21,375,94,53,2,0,0,0,0.9773442992435238,0.005221356999996374,8.47915907385304,,,,0.9773442992435238,0.8154753668795465,0.16186893236397737,0.9736144162188334,0.5677416742914054,0.8113207547169812,0.6461038961038961,0.4290522661950722
3913,kc2,openml_repeat0_fold0_sample0,diff_fpde,ok,,24,24,21,375,94,53,2,0,0,0,0.9570063431367121,0.003981653000010965,28.836686497407044,28.836686497407044,,3.552713678800501e-15,0.9570063431367121,0.8651116605358037,0.09189468260090838,0.9557119148275675,0.5238032987142379,0.8113207547169812,0.6461038961038961,0.4290522661950722
3913,kc2,openml_repeat0_fold0_sample0,cos_fpde,ok,,24,24,21,375,94,53,2,0,0,0,0.9570063431367121,0.004071269999997185,1.7355014069192838,1.7355014069192838,,2.220446049250313e-16,0.9570063431367121,0.8684006491448009,0.0886056939919112,0.9561265945287358,0.5223661442603236,0.8113207547169812,0.6461038961038961,0.4290522661950722
3913,kc2,openml_repeat0_fold0_sample0,hyb_fpde_grid,ok,,24,24,21,375,94,53,2,0,0,0,0.9570063431367121,0.006006033000005573,1.0,1.0,1.0,0.0,0.9570063431367121,0.8651116605358037,0.09189468260090838,0.9557119148275675,0.5238032987142379,0.8113207547169812,0.6461038961038961,0.4290522661950722
3913,kc2,openml_repeat0_fold0_sample0,shap,ok,,24,24,21,375,94,53,2,0,0,0,0.9570063431367121,0.029125515000004043,2.563703564729348,,,,0.9570063431367121,0.9751490146692963,-0.018142671532584198,0.8456725411818805,0.41376493482464816,0.8113207547169812,0.6461038961038961,0.4290522661950722
3913,kc2,openml_repeat0_fold0_sample0,lime,ok,,24,24,21,375,94,53,2,0,0,0,0.9570063431367121,0.009813149999999382,0.47933965751605256,,,,0.9570063431367121,0.9805357911328292,-0.023529447996117114,0.6594062389941052,0.31793839549899405,0.8113207547169812,0.6461038961038961,0.4290522661950722
3913,kc2,openml_repeat0_fold0_sample0,aime,ok,,24,24,21,375,94,53,2,0,0,0,0.9570063431367121,0.005369564999995191,7.318688268649007,,,,0.9570063431367121,0.867194417343151,0.08981192579356112,0.9548517836686916,0.5223318547311264,0.8113207547169812,0.6461038961038961,0.4290522661950722
3913,kc2,openml_repeat0_fold0_sample0,diff_fpde,ok,,25,25,21,375,94,53,2,0,0,0,0.97939583489237,0.003910829999995258,25.08021246785476,25.08021246785476,,3.552713678800501e-15,0.97939583489237,0.8151191798451602,0.16427665504720979,0.9746906332886354,0.5694836441679225,0.8113207547169812,0.6461038961038961,0.4290522661950722
3913,kc2,openml_repeat0_fold0_sample0,cos_fpde,ok,,25,25,21,375,94,53,2,0,0,0,0.97939583489237,0.003967517000006637,1.9496836970177478,1.9496836970177478,,4.440892098500626e-16,0.97939583489237,0.7118716851165346,0.2675241497758354,0.9813567030592097,0.6244404264175225,0.8113207547169812,0.6461038961038961,0.4290522661950722
3913,kc2,openml_repeat0_fold0_sample0,hyb_fpde_grid,ok,,25,25,21,375,94,53,2,0,0,0,0.97939583489237,0.005895897000002037,0.9999999999999998,0.9999999999999998,1.0,-2.220446049250313e-16,0.97939583489237,0.8151191798451602,0.16427665504720979,0.9746906332886354,0.5694836441679225,0.8113207547169812,0.6461038961038961,0.4290522661950722
3913,kc2,openml_repeat0_fold0_sample0,shap,ok,,25,25,21,375,94,53,2,0,0,0,0.97939583489237,0.028805797999993388,3.786759328457088,,,,0.97939583489237,0.9852084544186985,-0.0058126195263285,0.6572992872767374,0.32574333387520443,0.8113207547169812,0.6461038961038961,0.4290522661950722
3913,kc2,openml_repeat0_fold0_sample0,lime,ok,,25,25,21,375,94,53,2,0,0,0,0.97939583489237,0.010034203000003572,0.4646219991201596,,,,0.97939583489237,0.984918788425077,-0.005522953532706931,0.583045256768813,0.28876115161805305,0.8113207547169812,0.6461038961038961,0.4290522661950722
3913,kc2,openml_repeat0_fold0_sample0,aime,ok,,25,25,21,375,94,53,2,0,0,0,0.97939583489237,0.00518361700000014,8.499354130707689,,,,0.97939583489237,0.7414914997436092,0.23790433514876086,0.9756016620054859,0.6067529985771234,0.8113207547169812,0.6461038961038961,0.4290522661950722
3913,kc2,openml_repeat0_fold0_sample0,diff_fpde,ok,,26,26,21,375,94,53,2,0,0,0,0.9570063431367121,0.003987284000004365,28.836686497407044,28.836686497407044,,3.552713678800501e-15,0.9570063431367121,0.8651116605358037,0.09189468260090838,0.9557119148275675,0.5238032987142379,0.8113207547169812,0.6461038961038961,0.4290522661950722
3913,kc2,openml_repeat0_fold0_sample0,cos_fpde,ok,,26,26,21,375,94,53,2,0,0,0,0.9570063431367121,0.004023892000006413,1.7355014069192838,1.7355014069192838,,2.220446049250313e-16,0.9570063431367121,0.8684006491448009,0.0886056939919112,0.9561265945287358,0.5223661442603236,0.8113207547169812,0.6461038961038961,0.4290522661950722
3913,kc2,openml_repeat0_fold0_sample0,hyb_fpde_grid,ok,,26,26,21,375,94,53,2,0,0,0,0.9570063431367121,0.005984763000000726,1.0,1.0,1.0,0.0,0.9570063431367121,0.8651116605358037,0.09189468260090838,0.9557119148275675,0.5238032987142379,0.8113207547169812,0.6461038961038961,0.4290522661950722
3913,kc2,openml_repeat0_fold0_sample0,shap,ok,,26,26,21,375,94,53,2,0,0,0,0.9570063431367121,0.028982498000004853,2.563703564729348,,,,0.9570063431367121,0.9751490146692963,-0.018142671532584198,0.8456725411818805,0.41376493482464816,0.8113207547169812,0.6461038961038961,0.4290522661950722
3913,kc2,openml_repeat0_fold0_sample0,lime,ok,,26,26,21,375,94,53,2,0,0,0,0.9570063431367121,0.009864965999994979,0.4714652349490134,,,,0.9570063431367121,0.982106539152915,-0.025100196016202947,0.642066830295599,0.308483317139698,0.8113207547169812,0.6461038961038961,0.4290522661950722
3913,kc2,openml_repeat0_fold0_sample0,aime,ok,,26,26,21,375,94,53,2,0,0,0,0.9570063431367121,0.0052421759999958795,7.318688268649007,,,,0.9570063431367121,0.867194417343151,0.08981192579356112,0.9548517836686916,0.5223318547311264,0.8113207547169812,0.6461038961038961,0.4290522661950722
3913,kc2,openml_repeat0_fold0_sample0,diff_fpde,ok,,27,27,21,375,94,53,2,0,0,0,0.9407804519231691,0.003959832999996138,26.87278691119846,22.795714954207085,,-3.552713678800501e-15,0.9407804519231691,0.879487920809617,0.06129253111355204,0.9624313175199346,0.5118619243167433,0.8113207547169812,0.6461038961038961,0.4290522661950722
3913,kc2,openml_repeat0_fold0_sample0,cos_fpde,ok,,27,27,21,375,94,53,2,0,0,0,0.9407804519231691,0.003966774999994982,1.47248620572225,1.0288790407461315,,0.0,0.9407804519231691,0.8938834124766667,0.046897039446502364,0.9640257430231374,0.5054613912348198,0.8113207547169812,0.6461038961038961,0.4290522661950722
3913,kc2,openml_repeat0_fold0_sample0,hyb_fpde_grid,ok,,27,27,21,375,94,53,2,0,0,0,0.9407804519231691,0.0058963780000027555,1.0,0.8482825033940796,1.0,0.0,0.9407804519231691,0.879487920809617,0.06129253111355204,0.9624313175199346,0.5118619243167433,0.8113207547169812,0.6461038961038961,0.4290522661950722
3913,kc2,openml_repeat0_fold0_sample0,shap,ok,,27,27,21,375,94,53,2,0,0,0,0.9407804519231691,0.027956242000001907,2.867812732117951,,,,0.9407804519231691,0.9600569264568155,-0.019276474533646448,0.7559332832151477,0.36832840434075065,0.8113207547169812,0.6461038961038961,0.4290522661950722
3913,kc2,openml_repeat0_fold0_sample0,lime,ok,,27,27,21,375,94,53,2,0,0,0,0.9407804519231691,0.009857322999991425,0.4868364571067667,,,,0.9407804519231691,0.9776240872180235,-0.03684363529485446,0.6905890840627917,0.32687272438396864,0.8113207547169812,0.6461038961038961,0.4290522661950722
3913,kc2,openml_repeat0_fold0_sample0,aime,ok,,27,27,21,375,94,53,2,0,0,0,0.9407804519231691,0.005108687000003442,6.940317412122928,,,,0.9407804519231691,0.8938834124766667,0.046897039446502364,0.9640257430231374,0.5054613912348198,0.8113207547169812,0.6461038961038961,0.4290522661950722
3913,kc2,openml_repeat0_fold0_sample0,diff_fpde,ok,,28,28,21,375,94,53,2,0,0,0,0.9746948728145007,0.003911122000005207,28.812919909254937,28.812919909254937,,-3.552713678800501e-15,0.9746948728145007,0.8712233159333501,0.10347155688115062,0.9583651942792357,0.5309183755801932,0.8113207547169812,0.6461038961038961,0.4290522661950722
3913,kc2,openml_repeat0_fold0_sample0,cos_fpde,ok,,28,28,21,375,94,53,2,0,0,0,0.9746948728145007,0.004004005000012967,1.734590557990901,1.734590557990901,,-4.440892098500626e-16,0.9746948728145007,0.8736325740771194,0.10106229873738137,0.9587798739804041,0.5299210863588928,0.8113207547169812,0.6461038961038961,0.4290522661950722
3913,kc2,openml_repeat0_fold0_sample0,hyb_fpde_grid,ok,,28,28,21,375,94,53,2,0,0,0,0.9746948728145007,0.0059544460000040544,1.0000000000000002,1.0000000000000002,1.0,2.220446049250313e-16,0.9746948728145007,0.8712233159333501,0.10347155688115062,0.9583651942792357,0.5309183755801932,0.8113207547169812,0.6461038961038961,0.4290522661950722
3913,kc2,openml_repeat0_fold0_sample0,shap,ok,,28,28,21,375,94,53,2,0,0,0,0.9746948728145007,0.02875217700000121,2.607603057079741,,,,0.9746948728145007,0.9804997147332891,-0.005804841918788384,0.8051721239003454,0.3996836409907785,0.8113207547169812,0.6461038961038961,0.4290522661950722
3913,kc2,openml_repeat0_fold0_sample0,lime,ok,,28,28,21,375,94,53,2,0,0,0,0.9746948728145007,0.009961697000008485,0.5007701093899054,,,,0.9746948728145007,0.9828929591344547,-0.008198086319954001,0.6026322216595837,0.29721706766981487,0.8113207547169812,0.6461038961038961,0.4290522661950722
3913,kc2,openml_repeat0_fold0_sample0,aime,ok,,28,28,21,375,94,53,2,0,0,0,0.9746948728145007,0.005232699000004004,7.309099797874932,,,,0.9746948728145007,0.8724263422754694,0.10226853053903129,0.9575050631203599,0.5298867968296956,0.8113207547169812,0.6461038961038961,0.4290522661950722
3913,kc2,openml_repeat0_fold0_sample0,diff_fpde,ok,,29,29,21,375,94,53,2,0,0,0,0.980079639066243,0.0039123439999997345,29.152426922774268,29.152426922774268,,-7.105427357601002e-15,0.980079639066243,0.8671073567756179,0.11297228229062506,0.9625847750987102,0.5377785286946677,0.8113207547169812,0.6461038961038961,0.4290522661950722
3913,kc2,openml_repeat0_fold0_sample0,cos_fpde,ok,,29,29,21,375,94,53,2,0,0,0,0.980079639066243,0.004106035000006614,1.742821706211452,1.742821706211452,,-2.220446049250313e-16,0.980079639066243,0.8713433048010375,0.10873633426520546,0.9612456510069467,0.5349909926360761,0.8113207547169812,0.6461038961038961,0.4290522661950722
3913,kc2,openml_repeat0_fold0_sample0,hyb_fpde_grid,ok,,29,29,21,375,94,53,2,0,0,0,0.980079639066243,0.006375613000003,1.0,1.0,1.0,0.0,0.980079639066243,0.8671073567756179,0.11297228229062506,0.9625847750987102,0.5377785286946677,0.8113207547169812,0.6461038961038961,0.4290522661950722
3913,kc2,openml_repeat0_fold0_sample0,shap,ok,,29,29,21,375,94,53,2,0,0,0,0.980079639066243,0.02852489300001082,2.614351202178926,,,,0.980079639066243,0.9868438384368672,-0.006764199370624224,0.6825476937832415,0.33789174720630866,0.8113207547169812,0.6461038961038961,0.4290522661950722
3913,kc2,openml_repeat0_fold0_sample0,lime,ok,,29,29,21,375,94,53,2,0,0,0,0.980079639066243,0.010000268999988293,0.45374430920403275,,,,0.980079639066243,0.9838032681035142,-0.003723629037271192,0.6078016793270552,0.302039025144892,0.8113207547169812,0.6461038961038961,0.4290522661950722
3913,kc2,openml_repeat0_fold0_sample0,aime,ok,,29,29,21,375,94,53,2,0,0,0,0.980079639066243,0.005350578999994582,7.4462784142752465,,,,0.980079639066243,0.8713433048010375,0.10873633426520546,0.9612456510069467,0.5349909926360761,0.8113207547169812,0.6461038961038961,0.4290522661950722
3913,kc2,openml_repeat0_fold0_sample0,diff_fpde,ok,,30,30,21,375,94,53,2,0,0,0,0.9570063431367121,0.003956776999999079,28.836686497407044,28.836686497407044,,3.552713678800501e-15,0.9570063431367121,0.8651116605358037,0.09189468260090838,0.9557119148275675,0.5238032987142379,0.8113207547169812,0.6461038961038961,0.4290522661950722
3913,kc2,openml_repeat0_fold0_sample0,cos_fpde,ok,,30,30,21,375,94,53,2,0,0,0,0.9570063431367121,0.003973788999999783,1.7355014069192838,1.7355014069192838,,2.220446049250313e-16,0.9570063431367121,0.8684006491448009,0.0886056939919112,0.9561265945287358,0.5223661442603236,0.8113207547169812,0.6461038961038961,0.4290522661950722
3913,kc2,openml_repeat0_fold0_sample0,hyb_fpde_grid,ok,,30,30,21,375,94,53,2,0,0,0,0.9570063431367121,0.0059641240000019025,1.0,1.0,1.0,0.0,0.9570063431367121,0.8651116605358037,0.09189468260090838,0.9557119148275675,0.5238032987142379,0.8113207547169812,0.6461038961038961,0.4290522661950722
3913,kc2,openml_repeat0_fold0_sample0,shap,ok,,30,30,21,375,94,53,2,0,0,0,0.9570063431367121,0.02881806100000972,2.563703564729348,,,,0.9570063431367121,0.9751490146692963,-0.018142671532584198,0.8456725411818805,0.41376493482464816,0.8113207547169812,0.6461038961038961,0.4290522661950722
3913,kc2,openml_repeat0_fold0_sample0,lime,ok,,30,30,21,375,94,53,2,0,0,0,0.9570063431367121,0.009972727999993936,0.45884188679771454,,,,0.9570063431367121,0.9804842862410943,-0.023477943104382226,0.6276961459216122,0.30210910140861497,0.8113207547169812,0.6461038961038961,0.4290522661950722
3913,kc2,openml_repeat0_fold0_sample0,aime,ok,,30,30,21,375,94,53,2,0,0,0,0.9570063431367121,0.005159811999988051,7.318688268649007,,,,0.9570063431367121,0.867194417343151,0.08981192579356112,0.9548517836686916,0.5223318547311264,0.8113207547169812,0.6461038961038961,0.4290522661950722
3913,kc2,openml_repeat0_fold0_sample0,diff_fpde,ok,,31,31,21,375,94,53,2,0,0,0,0.9548221051518132,0.003958240000002888,24.263961628915148,23.30498563015708,,7.105427357601002e-15,0.9548221051518132,0.8266344651993038,0.12818763995250937,0.9692389511270149,0.5487132955397621,0.8113207547169812,0.6461038961038961,0.4290522661950722
3913,kc2,openml_repeat0_fold0_sample0,cos_fpde,ok,,31,31,21,375,94,53,2,0,0,0,0.9548221051518132,0.003986432999994349,1.7660740545537208,1.561441999694579,,0.0,0.9548221051518132,0.8400859627614253,0.11473614239038787,0.9660689311112094,0.5404025367507986,0.8113207547169812,0.6461038961038961,0.4290522661950722
3913,kc2,openml_repeat0_fold0_sample0,hyb_fpde_grid,ok,,31,31,21,375,94,53,2,0,0,0,0.9548221051518132,0.005967560999991406,0.9999999999999999,0.9604773526506377,1.0,-2.220446049250313e-16,0.9548221051518132,0.8266344651993038,0.12818763995250937,0.9692389511270149,0.5487132955397621,0.8113207547169812,0.6461038961038961,0.4290522661950722
3913,kc2,openml_repeat0_fold0_sample0,shap,ok,,31,31,21,375,94,53,2,0,0,0,0.9548221051518132,0.029155931999994777,3.0254371078243363,,,,0.9548221051518132,0.9730227200573167,-0.01820061490550351,0.8804791434724254,0.43113926428346094,0.8113207547169812,0.6461038961038961,0.4290522661950722
3913,kc2,openml_repeat0_fold0_sample0,lime,ok,,31,31,21,375,94,53,2,0,0,0,0.9548221051518132,0.010176258000001326,0.4666660713452643,,,,0.9548221051518132,0.980067845170864,-0.025245740019050777,0.6317228469383755,0.3032385534596624,0.8113207547169812,0.6461038961038961,0.4290522661950722
3913,kc2,openml_repeat0_fold0_sample0,aime,ok,,31,31,21,375,94,53,2,0,0,0,0.9548221051518132,0.005257294999992723,4.927645718271051,,,,0.9548221051518132,0.8400859627614253,0.11473614239038787,0.9660689311112094,0.5404025367507986,0.8113207547169812,0.6461038961038961,0.4290522661950722
3913,kc2,openml_repeat0_fold0_sample0,diff_fpde,ok,,32,32,21,375,94,53,2,0,0,0,0.9672577666221465,0.003964390999996681,21.82991700257287,21.085692927803883,,1.0658141036401503e-14,0.9672577666221465,0.7898894733635939,0.17736829325855252,0.975752648376957,0.5765604708177547,0.8113207547169812,0.6461038961038961,0.4290522661950722
3913,kc2,openml_repeat0_fold0_sample0,cos_fpde,ok,,32,32,21,375,94,53,2,0,0,0,0.9672577666221465,0.003985019999987571,1.915733215294248,1.6826897797945501,,0.0,0.9672577666221465,0.7859316065153666,0.18132616010677982,0.9753350933901066,0.5783306267484432,0.8113207547169812,0.6461038961038961,0.4290522661950722
3913,kc2,openml_repeat0_fold0_sample0,hyb_fpde_grid,ok,,32,32,21,375,94,53,2,0,0,0,0.9672577666221465,0.005938276999998493,1.0,0.9659080666829253,1.0,-1.1102230246251565e-16,0.9672577666221465,0.7898894733635939,0.17736829325855252,0.975752648376957,0.5765604708177547,0.8113207547169812,0.6461038961038961,0.4290522661950722
3913,kc2,openml_repeat0_fold0_sample0,shap,ok,,32,32,21,375,94,53,2,0,0,0,0.9672577666221465,0.029263802999992095,3.612608396742688,,,,0.9672577666221465,0.9726516513089438,-0.005393884686797357,0.8353156492201353,0.414960882266669,0.8113207547169812,0.6461038961038961,0.4290522661950722
3913,kc2,openml_repeat0_fold0_sample0,lime,ok,,32,32,21,375,94,53,2,0,0,0,0.9672577666221465,0.010012752999998042,0.4587658768364835,,,,0.9672577666221465,0.9825468038419485,-0.015289037219802015,0.7066693951528454,0.3456901789665217,0.8113207547169812,0.6461038961038961,0.4290522661950722
3913,kc2,openml_repeat0_fold0_sample0,aime,ok,,32,32,21,375,94,53,2,0,0,0,0.9672577666221465,0.005145124999998529,8.259551947920928,,,,0.9672577666221465,0.7859316065153666,0.18132616010677982,0.9753350933901066,0.5783306267484432,0.8113207547169812,0.6461038961038961,0.4290522661950722
3913,kc2,openml_repeat0_fold0_sample0,diff_fpde,ok,,33,33,21,375,94,53,2,0,0,0,0.980079639066243,0.003911733999999001,29.152426922774268,29.152426922774268,,-7.105427357601002e-15,0.980079639066243,0.8671073567756179,0.11297228229062506,0.9625847750987102,0.5377785286946677,0.8113207547169812,0.6461038961038961,0.4290522661950722
3913,kc2,openml_repeat0_fold0_sample0,cos_fpde,ok,,33,33,21,375,94,53,2,0,0,0,0.980079639066243,0.003966796000000272,1.742821706211452,1.742821706211452,,-2.220446049250313e-16,0.980079639066243,0.8713433048010375,0.10873633426520546,0.9612456510069467,0.5349909926360761,0.8113207547169812,0.6461038961038961,0.4290522661950722
3913,kc2,openml_repeat0_fold0_sample0,hyb_fpde_grid,ok,,33,33,21,375,94,53,2,0,0,0,0.980079639066243,0.005916896000002225,1.0,1.0,1.0,0.0,0.980079639066243,0.8671073567756179,0.11297228229062506,0.9625847750987102,0.5377785286946677,0.8113207547169812,0.6461038961038961,0.4290522661950722
3913,kc2,openml_repeat0_fold0_sample0,shap,ok,,33,33,21,375,94,53,2,0,0,0,0.980079639066243,0.029878590999999233,2.614351202178926,,,,0.980079639066243,0.9868438384368672,-0.006764199370624224,0.6825476937832415,0.33789174720630866,0.8113207547169812,0.6461038961038961,0.4290522661950722
3913,kc2,openml_repeat0_fold0_sample0,lime,ok,,33,33,21,375,94,53,2,0,0,0,0.980079639066243,0.01017383299999608,0.5181845550960862,,,,0.980079639066243,0.984438783934263,-0.004359144868020026,0.6053459745707337,0.30049341485135683,0.8113207547169812,0.6461038961038961,0.4290522661950722
3913,kc2,openml_repeat0_fold0_sample0,aime,ok,,33,33,21,375,94,53,2,0,0,0,0.980079639066243,0.0053820780000108925,7.4462784142752465,,,,0.980079639066243,0.8713433048010375,0.10873633426520546,0.9612456510069467,0.5349909926360761,0.8113207547169812,0.6461038961038961,0.4290522661950722
3913,kc2,openml_repeat0_fold0_sample0,diff_fpde,ok,,34,34,21,375,94,53,2,0,0,0,0.9883239945603324,0.003953369999990741,24.383772644101544,24.383772644101544,,1.0658141036401503e-14,0.9883239945603324,0.8440968605235821,0.14422713403675025,0.9796188168674725,0.5619229754521113,0.8113207547169812,0.6461038961038961,0.4290522661950722
3913,kc2,openml_repeat0_fold0_sample0,cos_fpde,ok,,34,34,21,375,94,53,2,0,0,0,0.9883239945603324,0.004059268000006,1.974186710542765,1.8960651788372793,,2.220446049250313e-16,0.9883239945603324,0.8197843113975414,0.168539683162791,0.9808891613111445,0.5747144222369678,0.8113207547169812,0.6461038961038961,0.4290522661950722
3913,kc2,openml_repeat0_fold0_sample0,hyb_fpde_grid,ok,,34,34,21,375,94,53,2,0,0,0,0.9883239945603324,0.006051407000001063,0.9999999999999998,0.9999999999999998,1.0,-2.220446049250313e-16,0.9883239945603324,0.8440968605235821,0.14422713403675025,0.9796188168674725,0.5619229754521113,0.8113207547169812,0.6461038961038961,0.4290522661950722
3913,kc2,openml_repeat0_fold0_sample0,shap,ok,,34,34,21,375,94,53,2,0,0,0,0.9883239945603324,0.02926556699999594,3.1009259954995776,,,,0.9883239945603324,0.984646647796434,0.0036773467638984147,0.6928343622656588,0.3482558545147786,0.8113207547169812,0.6461038961038961,0.4290522661950722
3913,kc2,openml_repeat0_fold0_sample0,lime,ok,,34,34,21,375,94,53,2,0,0,0,0.9883239945603324,0.010700266999990049,0.4554054880402518,,,,0.9883239945603324,0.9851897529721121,0.003134241588220288,0.6673532557136049,0.3352437486509126,0.8113207547169812,0.6461038961038961,0.4290522661950722
3913,kc2,openml_repeat0_fold0_sample0,aime,ok,,34,34,21,375,94,53,2,0,0,0,0.9883239945603324,0.005366207999998096,8.859893534834509,,,,0.9883239945603324,0.8197843113975414,0.168539683162791,0.9808891613111445,0.5747144222369678,0.8113207547169812,0.6461038961038961,0.4290522661950722
3913,kc2,openml_repeat0_fold0_sample0,diff_fpde,ok,,35,35,21,375,94,53,2,0,0,0,0.9260250936075234,0.004059639000004722,20.606980155120844,20.399635890324543,,0.0,0.9260250936075234,0.8258947244355643,0.10013036917195905,0.9648932618384769,0.532511815505218,0.8113207547169812,0.6461038961038961,0.4290522661950722
3913,kc2,openml_repeat0_fold0_sample0,cos_fpde,ok,,35,35,21,375,94,53,2,0,0,0,0.9260250936075234,0.005711001999998189,1.867890656353355,1.7102465031570777,,0.0,0.9260250936075234,0.9059353129850868,0.020089780622436604,0.951562841600949,0.4858263111116928,0.8113207547169812,0.6461038961038961,0.4290522661950722
3913,kc2,openml_repeat0_fold0_sample0,hyb_fpde_grid,ok,,35,35,21,375,94,53,2,0,0,0,0.9260250936075234,0.006230822999995667,0.9999999999999999,0.9899381538082969,1.0,-2.220446049250313e-16,0.9260250936075234,0.8258947244355643,0.10013036917195905,0.9648932618384769,0.532511815505218,0.8113207547169812,0.6461038961038961,0.4290522661950722
3913,kc2,openml_repeat0_fold0_sample0,shap,ok,,35,35,21,375,94,53,2,0,0,0,0.9260250936075234,0.028867011999992087,3.2689176987851627,,,,0.9260250936075234,0.9670577133679026,-0.041032619760379196,0.7468341050582631,0.35290074264894195,0.8113207547169812,0.6461038961038961,0.4290522661950722
3913,kc2,openml_repeat0_fold0_sample0,lime,ok,,35,35,21,375,94,53,2,0,0,0,0.9260250936075234,0.009936520000010773,0.4694770350701897,,,,0.9260250936075234,0.9796098414116208,-0.05358474780409739,0.7203610497715922,0.3333881509837474,0.8113207547169812,0.6461038961038961,0.4290522661950722
3913,kc2,openml_repeat0_fold0_sample0,aime,ok,,35,35,21,375,94,53,2,0,0,0,0.9260250936075234,0.005163349000000039,8.144533613737241,,,,0.9260250936075234,0.9059353129850868,0.020089780622436604,0.951562841600949,0.4858263111116928,0.8113207547169812,0.6461038961038961,0.4290522661950722
3913,kc2,openml_repeat0_fold0_sample0,diff_fpde,ok,,36,36,21,375,94,53,2,0,0,0,0.989402930649501,0.003899649999993926,25.128098899133164,25.128098899133164,,0.0,0.989402930649501,0.8588987370817069,0.13050419356779408,0.9771869777553677,0.5538455856615809,0.8113207547169812,0.6461038961038961,0.4290522661950722
3913,kc2,openml_repeat0_fold0_sample0,cos_fpde,ok,,36,36,21,375,94,53,2,0,0,0,0.989402930649501,0.003946307000006755,1.8862030697116057,1.8862030697116057,,2.220446049250313e-16,0.989402930649501,0.9272182690751687,0.062184661574332334,0.9716085595768695,0.516896610575601,0.8113207547169812,0.6461038961038961,0.4290522661950722
3913,kc2,openml_repeat0_fold0_sample0,hyb_fpde_grid,ok,,36,36,21,375,94,53,2,0,0,0,0.989402930649501,0.006083747999994671,1.0,1.0,1.0,0.0,0.989402930649501,0.8588987370817069,0.13050419356779408,0.9771869777553677,0.5538455856615809,0.8113207547169812,0.6461038961038961,0.4290522661950722
3913,kc2,openml_repeat0_fold0_sample0,shap,ok,,36,36,21,375,94,53,2,0,0,0,0.989402930649501,0.028314752,2.61595521938215,,,,0.989402930649501,0.9872442151668603,0.002158715482640683,0.8174710121567982,0.40981486381971943,0.8113207547169812,0.6461038961038961,0.4290522661950722
3913,kc2,openml_repeat0_fold0_sample0,lime,ok,,36,36,21,375,94,53,2,0,0,0,0.989402930649501,0.01014762500000188,0.49037092174307106,,,,0.989402930649501,0.9855075966575999,0.0038953339919011176,0.6109710037157277,0.3074331688538144,0.8113207547169812,0.6461038961038961,0.4290522661950722
3913,kc2,openml_repeat0_fold0_sample0,aime,ok,,36,36,21,375,94,53,2,0,0,0,0.989402930649501,0.005282631999989462,6.9067509703550805,,,,0.989402930649501,0.9272182690751687,0.062184661574332334,0.9716085595768695,0.516896610575601,0.8113207547169812,0.6461038961038961,0.4290522661950722
3913,kc2,openml_repeat0_fold0_sample0,diff_fpde,ok,,37,37,21,375,94,53,2,0,0,0,0.6730139492004177,0.004014824999998723,9.791972993458588,6.895272567955313,,-1.7763568394002505e-15,0.6730139492004177,0.8777924114098259,-0.2047784622094082,0.8190533788716546,0.3071374583311232,0.8113207547169812,0.6461038961038961,0.4290522661950722
3913,kc2,openml_repeat0_fold0_sample0,cos_fpde,ok,,37,37,21,375,94,53,2,0,0,0,0.6730139492004177,0.003957248000006075,1.3133010661116051,-0.7962187343918095,,0.0,0.6730139492004177,0.9194695315290204,-0.24645558232860276,0.7952887641018243,0.27441659088661075,0.8113207547169812,0.6461038961038961,0.4290522661950722
3913,kc2,openml_repeat0_fold0_sample0,hyb_fpde_grid,ok,,37,37,21,375,94,53,2,0,0,0,0.6730139492004177,0.006060394000002134,1.0,0.7041760197420499,1.0,1.1102230246251565e-16,0.6730139492004177,0.8777924114098259,-0.2047784622094082,0.8190533788716546,0.3071374583311232,0.8113207547169812,0.6461038961038961,0.4290522661950722
3913,kc2,openml_repeat0_fold0_sample0,shap,ok,,37,37,21,375,94,53,2,0,0,0,0.6730139492004177,0.028310744000009436,4.443275644262089,,,,0.6730139492004177,0.8718348243423373,-0.1988208751419196,0.7884054528028988,0.2947922888304896,0.8113207547169812,0.6461038961038961,0.4290522661950722
3913,kc2,openml_repeat0_fold0_sample0,lime,ok,,37,37,21,375,94,53,2,0,0,0,0.6730139492004177,0.010066833999999858,0.5320346536347287,,,,0.6730139492004177,0.851639002559343,-0.1786250533589253,0.8235937352402616,0.32248434094066813,0.8113207547169812,0.6461038961038961,0.4290522661950722
3913,kc2,openml_repeat0_fold0_sample0,aime,ok,,37,37,21,375,94,53,2,0,0,0,0.6730139492004177,0.005157579000012902,6.081873363756186,,,,0.6730139492004177,0.9194695315290204,-0.24645558232860276,0.7952887641018243,0.27441659088661075,0.8113207547169812,0.6461038961038961,0.4290522661950722
3913,kc2,openml_repeat0_fold0_sample0,diff_fpde,ok,,38,38,21,375,94,53,2,0,0,0,0.9843409155371485,0.004018091000006052,14.729651448179485,-0.7211117155341231,,0.0,0.9843409155371485,0.9669852524902209,0.017355663046927594,0.9828118612887363,0.500083762167832,0.8113207547169812,0.6461038961038961,0.4290522661950722
3913,kc2,openml_repeat0_fold0_sample0,cos_fpde,ok,,38,38,21,375,94,53,2,0,0,0,0.9843409155371485,0.003991963000004262,1.1893086464872784,-1.0426084264549877,,0.0,0.9843409155371485,0.9670635191996225,0.017277396337526008,0.9818334373513399,0.49955541684443294,0.8113207547169812,0.6461038961038961,0.4290522661950722
3913,kc2,openml_repeat0_fold0_sample0,hyb_fpde_grid,ok,,38,38,21,375,94,53,2,0,0,0,0.9843409155371485,0.005982609000000139,1.0,-0.04895646839105959,1.0,-6.245004513516506e-17,0.9843409155371485,0.9669852524902209,0.017355663046927594,0.9828118612887363,0.500083762167832,0.8113207547169812,0.6461038961038961,0.4290522661950722
3913,kc2,openml_repeat0_fold0_sample0,shap,ok,,38,38,21,375,94,53,2,0,0,0,0.9843409155371485,0.02877484000001118,4.7838309977246265,,,,0.9843409155371485,0.9847763274368131,-0.00043541189966456173,0.9606614456097264,0.48011301685503094,0.8113207547169812,0.6461038961038961,0.4290522661950722
3913,kc2,openml_repeat0_fold0_sample0,lime,ok,,38,38,21,375,94,53,2,0,0,0,0.9843409155371485,0.010028732999998624,0.4602580959079748,,,,0.9843409155371485,0.9777895060557515,0.006551409481396986,0.9739111692774947,0.4902312893794458,0.8113207547169812,0.6461038961038961,0.4290522661950722
3913,kc2,openml_repeat0_fold0_sample0,aime,ok,,38,38,21,375,94,53,2,0,0,0,0.9843409155371485,0.00513682000000415,3.8357310413992844,,,,0.9843409155371485,0.9670635191996225,0.017277396337526008,0.9818334373513399,0.49955541684443294,0.8113207547169812,0.6461038961038961,0.4290522661950722
3913,kc2,openml_repeat0_fold0_sample0,diff_fpde,ok,,39,39,21,375,94,53,2,0,0,0,0.9870781463961698,0.003908788000003938,15.95855739934858,14.999581400590511,,-1.7763568394002505e-15,0.9870781463961698,0.9176945353010115,0.06938361109515823,0.9753575027020895,0.5223705568986239,0.8113207547169812,0.6461038961038961,0.4290522661950722
3913,kc2,openml_repeat0_fold0_sample0,cos_fpde,ok,,39,39,21,375,94,53,2,0,0,0,0.9870781463961698,0.003962127999997733,1.6619648911492075,0.9720183403953673,,1.1102230246251565e-16,0.9870781463961698,0.9745719749937214,0.012506171402448363,0.9541508557576701,0.48332851358005924,0.8113207547169812,0.6461038961038961,0.4290522661950722
3913,kc2,openml_repeat0_fold0_sample0,hyb_fpde_grid,ok,,39,39,21,375,94,53,2,0,0,0,0.9870781463961698,0.00589304199999674,1.0,0.9399083529444077,1.0,1.1102230246251565e-16,0.9870781463961698,0.9176945353010115,0.06938361109515823,0.9753575027020895,0.5223705568986239,0.8113207547169812,0.6461038961038961,0.4290522661950722
3913,kc2,openml_repeat0_fold0_sample0,shap,ok,,39,39,21,375,94,53,2,0,0,0,0.9870781463961698,0.02861209599998915,4.563139404728956,,,,0.9870781463961698,0.9850253695032585,0.002052776892911279,0.9152936791555584,0.4586732280242348,0.8113207547169812,0.6461038961038961,0.4290522661950722
3913,kc2,openml_repeat0_fold0_sample0,lime,ok,,39,39,21,375,94,53,2,0,0,0,0.9870781463961698,0.00998132400000884,0.44761869546817884,,,,0.9870781463961698,0.9834442179656439,0.003633928430525901,0.8460949241154813,0.4248644262730036,0.8113207547169812,0.6461038961038961,0.4290522661950722
3913,kc2,openml_repeat0_fold0_sample0,aime,ok,,39,39,21,375,94,53,2,0,0,0,0.9870781463961698,0.005197102000011,8.459682816553954,,,,0.9870781463961698,0.9692681715974731,0.017809974798696615,0.9638379579975362,0.49082396639811643,0.8113207547169812,0.6461038961038961,0.4290522661950722
3913,kc2,openml_repeat0_fold0_sample0,diff_fpde,ok,,40,40,21,375,94,53,2,0,0,0,0.9569369438144351,0.0039044389999958184,28.54984698360844,28.54984698360844,,0.0,0.9569369438144351,0.8789262044963807,0.07801073931805436,0.9548495816584521,0.5164301604882533,0.8113207547169812,0.6461038961038961,0.4290522661950722
3913,kc2,openml_repeat0_fold0_sample0,cos_fpde,ok,,40,40,21,375,94,53,2,0,0,0,0.9569369438144351,0.003992955000001075,1.724406218525198,1.724406218525198,,2.220446049250313e-16,0.9569369438144351,0.8819600931604612,0.07497685065397386,0.9552642613596203,0.5151205560067971,0.8113207547169812,0.6461038961038961,0.4290522661950722
3913,kc2,openml_repeat0_fold0_sample0,hyb_fpde_grid,ok,,40,40,21,375,94,53,2,0,0,0,0.9569369438144351,0.00596695999999497,1.0,1.0,1.0,0.0,0.9569369438144351,0.8789262044963807,0.07801073931805436,0.9548495816584521,0.5164301604882533,0.8113207547169812,0.6461038961038961,0.4290522661950722
3913,kc2,openml_repeat0_fold0_sample0,shap,ok,,40,40,21,375,94,53,2,0,0,0,0.9569369438144351,0.028146917000000826,2.947463760241346,,,,0.9569369438144351,0.9639870456971333,-0.007050101882698279,0.8329136655132627,0.41293178181528223,0.8113207547169812,0.6461038961038961,0.4290522661950722
3913,kc2,openml_repeat0_fold0_sample0,lime,ok,,40,40,21,375,94,53,2,0,0,0,0.9569369438144351,0.009937032000010504,0.4475427676150722,,,,0.9569369438144351,0.9794887198227029,-0.022551776008267854,0.6620095023399504,0.31972886316584126,0.8113207547169812,0.6461038961038961,0.4290522661950722
3913,kc2,openml_repeat0_fold0_sample0,aime,ok,,40,40,21,375,94,53,2,0,0,0,0.9569369438144351,0.005193065000000274,7.20296340062589,,,,0.9569369438144351,0.8807538613588113,0.07618308245562377,0.9527304776119776,0.5144567800338007,0.8113207547169812,0.6461038961038961,0.4290522661950722
3913,kc2,openml_repeat0_fold0_sample0,diff_fpde,ok,,41,41,21,375,94,53,2,0,0,0,0.9058260251752874,0.003904669999997168,19.17530198727661,18.216325988518545,,3.552713678800501e-15,0.9058260251752874,0.6752580484874182,0.2305679766878692,0.9682999082153954,0.5994339424516323,0.8113207547169812,0.6461038961038961,0.4290522661950722
3913,kc2,openml_repeat0_fold0_sample0,cos_fpde,ok,,41,41,21,375,94,53,2,0,0,0,0.9058260251752874,0.0039421899999894094,1.884533019677772,1.339249889104241,,0.0,0.9058260251752874,0.7936293553020451,0.11219666987324228,0.9658092858680756,0.5390029778706589,0.8113207547169812,0.6461038961038961,0.4290522661950722
3913,kc2,openml_repeat0_fold0_sample0,hyb_fpde_grid,ok,,41,41,21,375,94,53,2,0,0,0,0.9058260251752874,0.005937604999999735,0.9999999999999999,0.9499890015085876,1.0,-1.1102230246251565e-16,0.9058260251752874,0.6752580484874182,0.2305679766878692,0.9682999082153954,0.5994339424516323,0.8113207547169812,0.6461038961038961,0.4290522661950722
3913,kc2,openml_repeat0_fold0_sample0,shap,ok,,41,41,21,375,94,53,2,0,0,0,0.9058260251752874,0.028709648000003085,3.9229691001938316,,,,0.9058260251752874,0.9423128226214657,-0.03648679744617822,0.7759290591420476,0.3697211308479347,0.8113207547169812,0.6461038961038961,0.4290522661950722
3913,kc2,openml_repeat0_fold0_sample0,lime,ok,,41,41,21,375,94,53,2,0,0,0,0.9058260251752874,0.009946588999994788,0.47691441852116395,,,,0.9058260251752874,0.978606608105159,-0.07278058292987155,0.6099104108206778,0.2685649139454031,0.8113207547169812,0.6461038961038961,0.4290522661950722
3913,kc2,openml_repeat0_fold0_sample0,aime,ok,,41,41,21,375,94,53,2,0,0,0,0.9058260251752874,0.005210859000001733,9.131249708211282,,,,0.9058260251752874,0.7936293553020451,0.11219666987324228,0.9658092858680756,0.5390029778706589,0.8113207547169812,0.6461038961038961,0.4290522661950722
3913,kc2,openml_repeat0_fold0_sample0,diff_fpde,ok,,42,42,21,375,94,53,2,1,0,0,0.9791635911621074,0.00398252499999785,14.294723214736667,1.1742438280018281,,2.220446049250313e-15,0.9791635911621074,0.9655436218225629,0.013619969339544458,0.9690974805617896,0.491358724950667,0.8113207547169812,0.6461038961038961,0.4290522661950722
3913,kc2,openml_repeat0_fold0_sample0,cos_fpde,ok,,42,42,21,375,94,53,2,1,0,0,0.9791635911621074,0.004058967999995389,1.2580012781930654,-0.9675061721919913,,0.0,0.9791635911621074,0.9669461436753273,0.012217447486780109,0.9699130650998271,0.4910652562933036,0.8113207547169812,0.6461038961038961,0.4290522661950722
3913,kc2,openml_repeat0_fold0_sample0,hyb_fpde_grid,ok,,42,42,21,375,94,53,2,1,0,0,0.9791635911621074,0.00596959400000685,0.9999999999999999,0.08214526509973136,1.0,-4.163336342344337e-17,0.9791635911621074,0.9655436218225629,0.013619969339544458,0.9690974805617896,0.491358724950667,0.8113207547169812,0.6461038961038961,0.4290522661950722
3913,kc2,openml_repeat0_fold0_sample0,shap,ok,,42,42,21,375,94,53,2,1,0,0,0.9791635911621074,0.030102077999998755,4.5135772970692045,,,,0.9791635911621074,0.9831459174743032,-0.003982326312195861,0.9007146051857478,0.44836613943677595,0.8113207547169812,0.6461038961038961,0.4290522661950722
3913,kc2,openml_repeat0_fold0_sample0,lime,ok,,42,42,21,375,94,53,2,1,0,0,0.9791635911621074,0.01045992800000306,0.516303093127027,,,,0.9791635911621074,0.9680319094585885,0.011131681703518859,0.9612102668240208,0.4861709742637698,0.8113207547169812,0.6461038961038961,0.4290522661950722
3913,kc2,openml_repeat0_fold0_sample0,aime,ok,,42,42,21,375,94,53,2,1,0,0,0.9791635911621074,0.00528142999999659,2.998788878039183,,,,0.9791635911621074,0.9669461436753273,0.012217447486780109,0.9699130650998271,0.4910652562933036,0.8113207547169812,0.6461038961038961,0.4290522661950722
3913,kc2,openml_repeat0_fold0_sample0,diff_fpde,ok,,43,43,21,375,94,53,2,1,1,1,0.7059100690409453,0.00394894200000806,26.560306373897692,23.38786467158715,,0.0,0.7059100690409453,0.2219264250383416,0.48398364400260374,0.6269571084422546,0.5554703762224291,0.8113207547169812,0.6461038961038961,0.4290522661950722
3913,kc2,openml_repeat0_fold0_sample0,cos_fpde,ok,,43,43,21,375,94,53,2,1,1,1,0.7059100690409453,0.004025444999996353,1.7444728016400783,1.703829018560207,,4.440892098500626e-16,0.7059100690409453,0.20356281019795602,0.5023472588429894,0.6409074218069805,0.571627340324985,0.8113207547169812,0.6461038961038961,0.4290522661950722
3913,kc2,openml_repeat0_fold0_sample0,hyb_fpde_grid,ok,,43,43,21,375,94,53,2,1,1,1,0.7059100690409453,0.006006553000005965,0.9999999999999998,0.8805570365924587,1.0,-2.220446049250313e-16,0.7059100690409453,0.2219264250383416,0.48398364400260374,0.6269571084422546,0.5554703762224291,0.8113207547169812,0.6461038961038961,0.4290522661950722
3913,kc2,openml_repeat0_fold0_sample0,shap,ok,,43,43,21,375,94,53,2,1,1,1,0.7059100690409453,0.02815648500001089,6.431372365053364,,,,0.7059100690409453,0.06972118818617114,0.6361888808547742,0.8386034073525424,0.7373961441036583,0.8113207547169812,0.6461038961038961,0.4290522661950722
3913,kc2,openml_repeat0_fold0_sample0,lime,ok,,43,43,21,375,94,53,2,1,1,1,0.7059100690409453,0.010154296999999701,0.48245012919647257,,,,0.7059100690409453,0.06966243330590903,0.6362476357350363,0.8294659369879518,0.7328567863614941,0.8113207547169812,0.6461038961038961,0.4290522661950722
3913,kc2,openml_repeat0_fold0_sample0,aime,ok,,43,43,21,375,94,53,2,1,1,1,0.7059100690409453,0.005166995999999813,5.756143518927826,,,,0.7059100690409453,0.20356281019795602,0.5023472588429894,0.6409074218069805,0.571627340324985,0.8113207547169812,0.6461038961038961,0.4290522661950722
3913,kc2,openml_repeat0_fold0_sample0,diff_fpde,ok,,44,44,21,375,94,53,2,1,0,0,0.9174383859082075,0.003894931000004931,8.800561778441109,4.632062640187807,,8.881784197001252e-16,0.9174383859082075,0.9543802152779939,-0.036941829369786405,0.9281012231863686,0.4455796969082911,0.8113207547169812,0.6461038961038961,0.4290522661950722
3913,kc2,openml_repeat0_fold0_sample0,cos_fpde,ok,,44,44,21,375,94,53,2,1,0,0,0.9174383859082075,0.004431823000004442,1.3889238806253752,-1.0671200029340109,,0.0,0.9174383859082075,0.9505998956514221,-0.033161509743214634,0.9455863482693634,0.4562124192630744,0.8113207547169812,0.6461038961038961,0.4290522661950722
3913,kc2,openml_repeat0_fold0_sample0,hyb_fpde_grid,ok,,44,44,21,375,94,53,2,1,0,0,0.9174383859082075,0.006067006999998625,0.9999999999999999,0.5263371540138554,1.0,0.0,0.9174383859082075,0.9543802152779939,-0.036941829369786405,0.9281012231863686,0.4455796969082911,0.8113207547169812,0.6461038961038961,0.4290522661950722
3913,kc2,openml_repeat0_fold0_sample0,shap,ok,,44,44,21,375,94,53,2,1,0,0,0.9174383859082075,0.029301703000001567,4.012261478719807,,,,0.9174383859082075,0.9596305288617055,-0.042192142953498046,0.917197868511535,0.43750286277901845,0.8113207547169812,0.6461038961038961,0.4290522661950722
3913,kc2,openml_repeat0_fold0_sample0,lime,ok,,44,44,21,375,94,53,2,1,0,0,0.9174383859082075,0.010088113999998427,0.4866046288959336,,,,0.9174383859082075,0.9356515632677144,-0.018213177359506894,0.9515295758929518,0.4666581992667225,0.8113207547169812,0.6461038961038961,0.4290522661950722
3913,kc2,openml_repeat0_fold0_sample0,aime,ok,,44,44,21,375,94,53,2,1,0,0,0.9174383859082075,0.005158760000000484,3.587273366918109,,,,0.9174383859082075,0.9505998956514221,-0.033161509743214634,0.9455863482693634,0.4562124192630744,0.8113207547169812,0.6461038961038961,0.4290522661950722
3913,kc2,openml_repeat0_fold0_sample0,diff_fpde,ok,,45,45,21,375,94,53,2,1,1,1,0.9023514940805959,0.003897636999994347,72.85514786340384,72.85514786340384,,4.263256414560601e-14,0.9023514940805959,0.26466020569245485,0.637691288388141,0.47197037844305023,0.5548308334155956,0.8113207547169812,0.6461038961038961,0.4290522661950722
3913,kc2,openml_repeat0_fold0_sample0,cos_fpde,ok,,45,45,21,375,94,53,2,1,1,1,0.9023514940805959,0.003949462999997877,1.7760294864011934,1.7760294864011934,,0.0,0.9023514940805959,0.26466020569245485,0.637691288388141,0.47197037844305023,0.5548308334155956,0.8113207547169812,0.6461038961038961,0.4290522661950722
3913,kc2,openml_repeat0_fold0_sample0,hyb_fpde_grid,ok,,45,45,21,375,94,53,2,1,1,1,0.9023514940805959,0.005891729000012447,0.9999999999999998,0.9999999999999998,1.0,-2.220446049250313e-16,0.9023514940805959,0.26466020569245485,0.637691288388141,0.47197037844305023,0.5548308334155956,0.8113207547169812,0.6461038961038961,0.4290522661950722
3913,kc2,openml_repeat0_fold0_sample0,shap,ok,,45,45,21,375,94,53,2,1,1,1,0.9023514940805959,0.02822195699999952,7.299590016089007,,,,0.9023514940805959,0.07989308064731339,0.8224584134332825,0.8705819508296097,0.8465201821314461,0.8113207547169812,0.6461038961038961,0.4290522661950722
3913,kc2,openml_repeat0_fold0_sample0,lime,ok,,45,45,21,375,94,53,2,1,1,1,0.9023514940805959,0.009991632999998501,0.45607579310736235,,,,0.9023514940805959,0.08224011212966591,0.82011138195093,0.8681432801363689,0.8441273310436495,0.8113207547169812,0.6461038961038961,0.4290522661950722
3913,kc2,openml_repeat0_fold0_sample0,aime,ok,,45,45,21,375,94,53,2,1,1,1,0.9023514940805959,0.00531943100000376,7.400196501873148,,,,0.9023514940805959,0.26466020569245485,0.637691288388141,0.47197037844305023,0.5548308334155956,0.8113207547169812,0.6461038961038961,0.4290522661950722
3913,kc2,openml_repeat0_fold0_sample0,diff_fpde,ok,,46,46,21,375,94,53,2,1,0,0,0.5960261669895197,0.003978237000012541,11.787577099986034,5.568316379178964,,1.7763568394002505e-15,0.5960261669895197,0.818144224839378,-0.22211805784985827,0.8447561272330438,0.3113190346915928,0.8113207547169812,0.6461038961038961,0.4290522661950722
3913,kc2,openml_repeat0_fold0_sample0,cos_fpde,ok,,46,46,21,375,94,53,2,1,0,0,0.5960261669895197,0.00399928599999555,1.413886875718241,-0.835331687054658,,1.1102230246251565e-16,0.5960261669895197,0.9059206856692715,-0.3098945186797518,0.7812661269109642,0.2356858041156062,0.8113207547169812,0.6461038961038961,0.4290522661950722
3913,kc2,openml_repeat0_fold0_sample0,hyb_fpde_grid,ok,,46,46,21,375,94,53,2,1,0,0,0.5960261669895197,0.0059374249999990525,1.0000000000000002,0.4723885436291706,1.0,5.551115123125783e-17,0.5960261669895197,0.818144224839378,-0.22211805784985827,0.8447561272330438,0.3113190346915928,0.8113207547169812,0.6461038961038961,0.4290522661950722
3913,kc2,openml_repeat0_fold0_sample0,shap,ok,,46,46,21,375,94,53,2,1,0,0,0.5960261669895197,0.028706983000006403,4.392706030821693,,,,0.5960261669895197,0.8651873091904556,-0.2691611422009359,0.7533729251984007,0.2421058914987324,0.8113207547169812,0.6461038961038961,0.4290522661950722
3913,kc2,openml_repeat0_fold0_sample0,lime,ok,,46,46,21,375,94,53,2,1,0,0,0.5960261669895197,0.009917694999998616,0.48312470597508655,,,,0.5960261669895197,0.8802076487550876,-0.2841814817655679,0.7350843425025747,0.2254514303685034,0.8113207547169812,0.6461038961038961,0.4290522661950722
3913,kc2,openml_repeat0_fold0_sample0,aime,ok,,46,46,21,375,94,53,2,1,0,0,0.5960261669895197,0.0051082170000000815,4.782707692401654,,,,0.5960261669895197,0.9059206856692715,-0.3098945186797518,0.7812661269109642,0.2356858041156062,0.8113207547169812,0.6461038961038961,0.4290522661950722
3913,kc2,openml_repeat0_fold0_sample0,diff_fpde,ok,,47,47,21,375,94,53,2,1,0,0,0.8758222965773893,0.003943622999997842,20.341067346687495,20.341067346687495,,-3.552713678800501e-15,0.8758222965773893,0.7388197658338291,0.13700253074356017,0.962534862594913,0.5497686966692366,0.8113207547169812,0.6461038961038961,0.4290522661950722
3913,kc2,openml_repeat0_fold0_sample0,cos_fpde,ok,,47,47,21,375,94,53,2,1,0,0,0.8758222965773893,0.003952369000003841,1.8420142933247694,1.7127853944938403,,2.220446049250313e-16,0.8758222965773893,0.8912797415051315,-0.015457444927742148,0.9488826802867463,0.46671261767950206,0.8113207547169812,0.6461038961038961,0.4290522661950722
3913,kc2,openml_repeat0_fold0_sample0,hyb_fpde_grid,ok,,47,47,21,375,94,53,2,1,0,0,0.8758222965773893,0.005867054000006533,1.0,1.0,1.0,0.0,0.8758222965773893,0.7388197658338291,0.13700253074356017,0.962534862594913,0.5497686966692366,0.8113207547169812,0.6461038961038961,0.4290522661950722
3913,kc2,openml_repeat0_fold0_sample0,shap,ok,,47,47,21,375,94,53,2,1,0,0,0.8758222965773893,0.028699017999997523,3.548741861412412,,,,0.8758222965773893,0.9775384766187802,-0.10171618004139094,0.6475908483517396,0.27293733415517435,0.8113207547169812,0.6461038961038961,0.4290522661950722
3913,kc2,openml_repeat0_fold0_sample0,lime,ok,,47,47,21,375,94,53,2,1,0,0,0.8758222965773893,0.009952249999997775,0.49534854639791986,,,,0.8758222965773893,0.9754849534465913,-0.09966265686920195,0.6858272777689429,0.2930823104498705,0.8113207547169812,0.6461038961038961,0.4290522661950722
3913,kc2,openml_repeat0_fold0_sample0,aime,ok,,47,47,21,375,94,53,2,1,0,0,0.8758222965773893,0.005123113999999873,6.91101632883136,,,,0.8758222965773893,0.9004532080827501,-0.024630911505360786,0.9498106533800198,0.4625898709373295,0.8113207547169812,0.6461038961038961,0.4290522661950722
3913,kc2,openml_repeat0_fold0_sample0,diff_fpde,ok,,48,48,21,375,94,53,2,1,0,0,0.8748460841306818,0.003902496000009137,8.803619437817364,1.114825903818123,,-2.220446049250313e-16,0.8748460841306818,0.9227814038817796,-0.04793531975109788,0.9085294844035157,0.4302970823262089,0.8113207547169812,0.6461038961038961,0.4290522661950722
3913,kc2,openml_repeat0_fold0_sample0,cos_fpde,ok,,48,48,21,375,94,53,2,1,0,0,0.8748460841306818,0.003968077999999764,1.6902435469727706,-1.3323923313213604,,2.220446049250313e-16,0.8748460841306818,0.9098198330034262,-0.034973748872744403,0.924318339320717,0.4446722952239863,0.8113207547169812,0.6461038961038961,0.4290522661950722
3913,kc2,openml_repeat0_fold0_sample0,hyb_fpde_grid,ok,,48,48,21,375,94,53,2,1,0,0,0.8748460841306818,0.005902298999998834,0.9999999999999999,0.12663267780853965,1.0,2.7755575615628914e-17,0.8748460841306818,0.9227814038817796,-0.04793531975109788,0.9085294844035157,0.4302970823262089,0.8113207547169812,0.6461038961038961,0.4290522661950722
3913,kc2,openml_repeat0_fold0_sample0,shap,ok,,48,48,21,375,94,53,2,1,0,0,0.8748460841306818,0.028701333000000773,5.145053732350804,,,,0.8748460841306818,0.9614107132836296,-0.08656462915294783,0.8691722779011903,0.39130382437412126,0.8113207547169812,0.6461038961038961,0.4290522661950722
3913,kc2,openml_repeat0_fold0_sample0,lime,ok,,48,48,21,375,94,53,2,1,0,0,0.8748460841306818,0.010153615999996646,0.485323707972402,,,,0.8748460841306818,0.888078715722707,-0.013232631592025257,0.943728769302058,0.46524806885501635,0.8113207547169812,0.6461038961038961,0.4290522661950722
3913,kc2,openml_repeat0_fold0_sample0,aime,ok,,48,48,21,375,94,53,2,1,0,0,0.8748460841306818,0.005153040000010378,6.581570262179665,,,,0.8748460841306818,0.9098198330034262,-0.034973748872744403,0.924318339320717,0.4446722952239863,0.8113207547169812,0.6461038961038961,0.4290522661950722
3913,kc2,openml_repeat0_fold0_sample0,diff_fpde,ok,,49,49,21,375,94,53,2,1,1,1,0.6376763064918101,0.0038775290000074847,11.987421015313295,7.188380827271287,,8.881784197001252e-16,0.6376763064918101,0.21764006061666197,0.4200362458751481,0.3378944324827442,0.37896533917894615,0.8113207547169812,0.6461038961038961,0.4290522661950722
3913,kc2,openml_repeat0_fold0_sample0,cos_fpde,ok,,49,49,21,375,94,53,2,1,1,1,0.6376763064918101,0.004003694999994423,1.7770033283489484,1.5931619668122916,,2.220446049250313e-16,0.6376763064918101,0.20076247022829227,0.43691383626351776,0.34317509301613713,0.39004446463982745,0.8113207547169812,0.6461038961038961,0.4290522661950722
3913,kc2,openml_repeat0_fold0_sample0,hyb_fpde_grid,ok,,49,49,21,375,94,53,2,1,1,1,0.6376763064918101,0.006031699999994089,1.0,0.5996603287803532,1.0,0.0,0.6376763064918101,0.21764006061666197,0.4200362458751481,0.3378944324827442,0.37896533917894615,0.8113207547169812,0.6461038961038961,0.4290522661950722
3913,kc2,openml_repeat0_fold0_sample0,shap,ok,,49,49,21,375,94,53,2,1,1,1,0.6376763064918101,0.029219720000000393,5.47389169972541,,,,0.6376763064918101,0.07393635413286156,0.5637399523589485,0.5185444423745875,0.541142197366768,0.8113207547169812,0.6461038961038961,0.4290522661950722
3913,kc2,openml_repeat0_fold0_sample0,lime,ok,,49,49,21,375,94,53,2,1,1,1,0.6376763064918101,0.010001661999993416,0.5151579828646634,,,,0.6376763064918101,0.0938516546135838,0.5438246518782263,0.4699347722247404,0.5068797120514833,0.8113207547169812,0.6461038961038961,0.4290522661950722
3913,kc2,openml_repeat0_fold0_sample0,aime,ok,,49,49,21,375,94,53,2,1,1,1,0.6376763064918101,0.005164711999995575,5.83871242989821,,,,0.6376763064918101,0.2024464420866257,0.43522986440518435,0.33823919376892775,0.3867345290870561,0.8113207547169812,0.6461038961038961,0.4290522661950722
3913,kc2,openml_repeat0_fold0_sample0,diff_fpde,ok,,50,50,21,375,94,53,2,1,1,1,0.8950846246237143,0.0038904029999997647,10.257397237612707,-0.29019694413894886,,2.7755575615628914e-16,0.8950846246237143,0.3464827215073338,0.5486019031163805,0.44533302686948784,0.49696746499293415,0.8113207547169812,0.6461038961038961,0.4290522661950722
3913,kc2,openml_repeat0_fold0_sample0,cos_fpde,ok,,50,50,21,375,94,53,2,1,1,1,0.8950846246237143,0.003934556000004363,1.7295108439326248,1.2757459370886004,,-2.220446049250313e-16,0.8950846246237143,0.30098145224072037,0.5941031723829939,0.4540469932000599,0.5240750827915269,0.8113207547169812,0.6461038961038961,0.4290522661950722
3913,kc2,openml_repeat0_fold0_sample0,hyb_fpde_grid,ok,,50,50,21,375,94,53,2,1,1,1,0.8950846246237143,0.005868304999992802,0.9999999999999999,-0.028291479545593648,1.0,1.734723475976807e-17,0.8950846246237143,0.3464827215073338,0.5486019031163805,0.44533302686948784,0.49696746499293415,0.8113207547169812,0.6461038961038961,0.4290522661950722
3913,kc2,openml_repeat0_fold0_sample0,shap,ok,,50,50,21,375,94,53,2,1,1,1,0.8950846246237143,0.028135536000007733,5.950145177212061,,,,0.8950846246237143,0.09884030725100065,0.7962443173727136,0.6203105963524893,0.7082774568626015,0.8113207547169812,0.6461038961038961,0.4290522661950722
3913,kc2,openml_repeat0_fold0_sample0,lime,ok,,50,50,21,375,94,53,2,1,1,1,0.8950846246237143,0.00981938200000343,0.509226458744838,,,,0.8950846246237143,0.23031952569713277,0.6647650989265815,0.4411581624826864,0.552961630704634,0.8113207547169812,0.6461038961038961,0.4290522661950722
3913,kc2,openml_repeat0_fold0_sample0,aime,ok,,50,50,21,375,94,53,2,1,1,1,0.8950846246237143,0.005109208999996895,6.318164343594733,,,,0.8950846246237143,0.30098145224072037,0.5941031723829939,0.4540469932000599,0.5240750827915269,0.8113207547169812,0.6461038961038961,0.4290522661950722
3913,kc2,openml_repeat0_fold0_sample0,diff_fpde,ok,,51,51,21,375,94,53,2,1,0,0,0.8473761219672664,0.0038913349999916136,12.47567190401698,-2.6624391990734915,,-4.440892098500626e-16,0.8473761219672664,0.9257272283739489,-0.07835110640668252,0.8992498044046535,0.4104493489989855,0.8113207547169812,0.6461038961038961,0.4290522661950722
3913,kc2,openml_repeat0_fold0_sample0,cos_fpde,ok,,51,51,21,375,94,53,2,1,0,0,0.8473761219672664,0.003940415999991842,1.2951384385302072,-1.179648634366389,,4.440892098500626e-16,0.8473761219672664,0.923744804490007,-0.07636868252274054,0.9015515322106582,0.41259142484395883,0.8113207547169812,0.6461038961038961,0.4290522661950722
3913,kc2,openml_repeat0_fold0_sample0,hyb_fpde_grid,ok,,51,51,21,375,94,53,2,1,0,0,0.8473761219672664,0.005889925999994716,0.9999999999999999,-0.2134104855880528,1.0,2.7755575615628914e-17,0.8473761219672664,0.9257272283739489,-0.07835110640668252,0.8992498044046535,0.4104493489989855,0.8113207547169812,0.6461038961038961,0.4290522661950722
3913,kc2,openml_repeat0_fold0_sample0,shap,ok,,51,51,21,375,94,53,2,1,0,0,0.8473761219672664,0.02915982900000813,4.714829757529419,,,,0.8473761219672664,0.9700107269686733,-0.12263460500140688,0.8410780352584826,0.35922171512853784,0.8113207547169812,0.6461038961038961,0.4290522661950722
3913,kc2,openml_repeat0_fold0_sample0,lime,ok,,51,51,21,375,94,53,2,1,0,0,0.8473761219672664,0.010013724999993201,0.4709798365855589,,,,0.8473761219672664,0.870549662033099,-0.02317354006583261,0.9471544948540627,0.46199047739411503,0.8113207547169812,0.6461038961038961,0.4290522661950722
3913,kc2,openml_repeat0_fold0_sample0,aime,ok,,51,51,21,375,94,53,2,1,0,0,0.8473761219672664,0.005174499999995419,2.7520408682518207,,,,0.8473761219672664,0.923744804490007,-0.07636868252274054,0.9015515322106582,0.41259142484395883,0.8113207547169812,0.6461038961038961,0.4290522661950722
3913,kc2,openml_repeat0_fold0_sample0,diff_fpde,ok,,52,52,21,375,94,53,2,1,0,0,0.6022860664917946,0.003953501000012238,13.95270112913329,7.593437002271884,,-8.881784197001252e-16,0.6022860664917946,0.8168840992556081,-0.2145980327638135,0.8553573661193103,0.3203796666777484,0.8113207547169812,0.6461038961038961,0.4290522661950722
3913,kc2,openml_repeat0_fold0_sample0,cos_fpde,ok,,52,52,21,375,94,53,2,1,0,0,0.6022860664917946,0.004058336999989365,1.072403208536055,-0.38280992692636634,,5.551115123125783e-17,0.6022860664917946,0.8913740607338156,-0.28908799424202103,0.7454062042623365,0.22815910501015774,0.8113207547169812,0.6461038961038961,0.4290522661950722
3913,kc2,openml_repeat0_fold0_sample0,hyb_fpde_grid,ok,,52,52,21,375,94,53,2,1,0,0,0.6022860664917946,0.006073669000002724,1.0000000000000002,0.544227023283453,1.0,0.0,0.6022860664917946,0.8168840992556081,-0.2145980327638135,0.8553573661193103,0.3203796666777484,0.8113207547169812,0.6461038961038961,0.4290522661950722
3913,kc2,openml_repeat0_fold0_sample0,shap,ok,,52,52,21,375,94,53,2,1,0,0,0.6022860664917946,0.02973838900000203,4.4221066327809,,,,0.6022860664917946,0.8871931941299649,-0.2849071276381703,0.7001043047750477,0.2075985885684387,0.8113207547169812,0.6461038961038961,0.4290522661950722
3913,kc2,openml_repeat0_fold0_sample0,lime,ok,,52,52,21,375,94,53,2,1,0,0,0.6022860664917946,0.010425654000002282,0.464980387044524,,,,0.6022860664917946,0.8332160333424485,-0.23092996685065392,0.8023783109367809,0.2857241720430635,0.8113207547169812,0.6461038961038961,0.4290522661950722
3913,kc2,openml_repeat0_fold0_sample0,aime,ok,,52,52,21,375,94,53,2,1,0,0,0.6022860664917946,0.005264237999995203,2.9500596192651076,,,,0.6022860664917946,0.8913740607338156,-0.28908799424202103,0.7454062042623365,0.22815910501015774,0.8113207547169812,0.6461038961038961,0.4290522661950722
