method,dataset_name,task_id,seed,fold,split_id,mode,config_hash,experiment_config_hash,workflow_run_id,workflow_run_attempt,workflow_name,workflow_ref,workflow_sha,runner_invocation_hash,run_config_hash,job_config_hash,timestamp,git_commit,status,error_message,sensitivity_type,posterior_samples,lambda_hyb,empirical_reference_coverage_95,mean_posterior_std,mean_ci_width,uncertainty_error_correlation,ci_width_error_correlation,mean_spearman_between_seeds,top_k_jaccard_between_seeds,attribution_distance_to_default,top_k_jaccard_to_default,sign_agreement_to_default,runtime_seconds,n_seeds,n_reference_seeds,n_common_features,sign_confidence_threshold,metric_direction,uncertainty_error_pearson,sign_agreement_at_confidence,median_ci_width,mean_abs_error_to_reference,top_k_jaccard_to_reference
bayesian_hyb_fpde,banknote-authentication,10093,0,openml_repeat0_fold0_sample0,leave_one_seed_reference,sensitivity_full,a92ccbb8368a,a92ccbb8368a,27180951904,1,IEEE Access Bayesian-FPDE sensitivity,refs/heads/main,a4b1906abee769cab2e501f7d241de34d65e5696,618cca24a2bf,618cca24a2bf,a8a95c46f757,2026-06-09T03:13:53+00:00,a4b1906abee769cab2e501f7d241de34d65e5696,ok,,full_grid,500,0.25,0.75,0.01805283257609547,0.07021425569657558,-0.39999999999999997,-0.39999999999999997,1.0,1.0,0.09592843155539132,1.0,1.0,2.372711625999841,10,9,4,0.8,higher_is_better,-0.34101099709714255,1.0,0.06826388572347775,0.02126451071246383,1.0
bayesian_hyb_fpde,banknote-authentication,10093,1,openml_repeat0_fold0_sample0,leave_one_seed_reference,sensitivity_full,a92ccbb8368a,a92ccbb8368a,27180951904,1,IEEE Access Bayesian-FPDE sensitivity,refs/heads/main,a4b1906abee769cab2e501f7d241de34d65e5696,618cca24a2bf,618cca24a2bf,a33175d54c34,2026-06-09T03:13:53+00:00,a4b1906abee769cab2e501f7d241de34d65e5696,ok,,full_grid,500,0.25,0.75,0.01988372877952086,0.07743160437999809,-0.7999999999999999,-0.7999999999999999,1.0,1.0,0.11923097112025415,1.0,1.0,2.370246929000018,10,9,4,0.8,higher_is_better,-0.9026238500323015,0.75,0.08464748049233525,0.024506313661125496,1.0
bayesian_hyb_fpde,banknote-authentication,10093,2,openml_repeat0_fold0_sample0,leave_one_seed_reference,sensitivity_full,a92ccbb8368a,a92ccbb8368a,27180951904,1,IEEE Access Bayesian-FPDE sensitivity,refs/heads/main,a4b1906abee769cab2e501f7d241de34d65e5696,618cca24a2bf,618cca24a2bf,44b5cd2c2887,2026-06-09T03:13:53+00:00,a4b1906abee769cab2e501f7d241de34d65e5696,ok,,full_grid,500,0.25,0.75,0.018807732427941953,0.0730973875135991,-1.0,-1.0,1.0,1.0,0.11101044696752828,1.0,1.0,2.382647590000147,10,9,4,0.8,higher_is_better,-0.9251467855885501,1.0,0.08058471816003254,0.026781951731809996,1.0
bayesian_hyb_fpde,banknote-authentication,10093,3,openml_repeat0_fold0_sample0,leave_one_seed_reference,sensitivity_full,a92ccbb8368a,a92ccbb8368a,27180951904,1,IEEE Access Bayesian-FPDE sensitivity,refs/heads/main,a4b1906abee769cab2e501f7d241de34d65e5696,618cca24a2bf,618cca24a2bf,c428655e35b7,2026-06-09T03:13:53+00:00,a4b1906abee769cab2e501f7d241de34d65e5696,ok,,full_grid,500,0.25,0.5,0.01982835500151678,0.077151002178187,-0.7999999999999999,-0.7999999999999999,1.0,1.0,0.10552576214200704,1.0,1.0,2.3810332549997497,10,9,4,0.8,higher_is_better,-0.2870323196928177,1.0,0.08256810625327261,0.03765588801627141,1.0
bayesian_hyb_fpde,banknote-authentication,10093,4,openml_repeat0_fold0_sample0,leave_one_seed_reference,sensitivity_full,a92ccbb8368a,a92ccbb8368a,27180951904,1,IEEE Access Bayesian-FPDE sensitivity,refs/heads/main,a4b1906abee769cab2e501f7d241de34d65e5696,618cca24a2bf,618cca24a2bf,f3118985c307,2026-06-09T03:13:53+00:00,a4b1906abee769cab2e501f7d241de34d65e5696,ok,,full_grid,500,0.25,0.75,0.017782996017233432,0.06921807368344195,-0.7999999999999999,-0.7999999999999999,1.0,1.0,0.07716088471457835,1.0,1.0,2.3812461610003766,10,9,4,0.8,higher_is_better,-0.9730514404522862,1.0,0.07751062671570744,0.024099262736842625,1.0
bayesian_hyb_fpde,banknote-authentication,10093,5,openml_repeat0_fold0_sample0,leave_one_seed_reference,sensitivity_full,a92ccbb8368a,a92ccbb8368a,27180951904,1,IEEE Access Bayesian-FPDE sensitivity,refs/heads/main,a4b1906abee769cab2e501f7d241de34d65e5696,618cca24a2bf,618cca24a2bf,3f365e2ca849,2026-06-09T03:13:53+00:00,a4b1906abee769cab2e501f7d241de34d65e5696,ok,,full_grid,500,0.25,0.75,0.02108281805890442,0.08210451365492853,-1.0,-1.0,1.0,1.0,0.12126143601130451,1.0,1.0,2.3791740699999764,10,9,4,0.8,higher_is_better,-0.9736262762056691,1.0,0.08971730544326549,0.02063910772690713,1.0
bayesian_hyb_fpde,banknote-authentication,10093,6,openml_repeat0_fold0_sample0,leave_one_seed_reference,sensitivity_full,a92ccbb8368a,a92ccbb8368a,27180951904,1,IEEE Access Bayesian-FPDE sensitivity,refs/heads/main,a4b1906abee769cab2e501f7d241de34d65e5696,618cca24a2bf,618cca24a2bf,f13abbc9198d,2026-06-09T03:13:53+00:00,a4b1906abee769cab2e501f7d241de34d65e5696,ok,,full_grid,500,0.25,1.0,0.019615322537839656,0.07635286535895904,-0.7999999999999999,-0.7999999999999999,1.0,1.0,0.10753028090983244,1.0,1.0,2.378765701999896,10,9,4,0.8,higher_is_better,-0.7667486124086706,1.0,0.07836607057879447,0.0031373748328581497,1.0
bayesian_hyb_fpde,banknote-authentication,10093,7,openml_repeat0_fold0_sample0,leave_one_seed_reference,sensitivity_full,a92ccbb8368a,a92ccbb8368a,27180951904,1,IEEE Access Bayesian-FPDE sensitivity,refs/heads/main,a4b1906abee769cab2e501f7d241de34d65e5696,618cca24a2bf,618cca24a2bf,b175664d4758,2026-06-09T03:13:53+00:00,a4b1906abee769cab2e501f7d241de34d65e5696,ok,,full_grid,500,0.25,0.75,0.018895322050195795,0.07350743969656932,-1.0,-1.0,1.0,1.0,0.08199571388297948,1.0,1.0,2.3928313079998134,10,9,4,0.8,higher_is_better,-0.922712124052944,1.0,0.07438301406306985,0.03835112821097295,1.0
bayesian_hyb_fpde,banknote-authentication,10093,8,openml_repeat0_fold0_sample0,leave_one_seed_reference,sensitivity_full,a92ccbb8368a,a92ccbb8368a,27180951904,1,IEEE Access Bayesian-FPDE sensitivity,refs/heads/main,a4b1906abee769cab2e501f7d241de34d65e5696,618cca24a2bf,618cca24a2bf,0ad6e2f69281,2026-06-09T03:13:53+00:00,a4b1906abee769cab2e501f7d241de34d65e5696,ok,,full_grid,500,0.25,0.75,0.018874325586289625,0.07342866124864827,-0.39999999999999997,-0.39999999999999997,1.0,1.0,0.09227998216549964,1.0,1.0,2.3709887100001197,10,9,4,0.8,higher_is_better,-0.17868830432455507,1.0,0.07459497572798965,0.020118561092956594,1.0
bayesian_hyb_fpde,banknote-authentication,10093,9,openml_repeat0_fold0_sample0,leave_one_seed_reference,sensitivity_full,a92ccbb8368a,a92ccbb8368a,27180951904,1,IEEE Access Bayesian-FPDE sensitivity,refs/heads/main,a4b1906abee769cab2e501f7d241de34d65e5696,618cca24a2bf,618cca24a2bf,e0b87c1a00cc,2026-06-09T03:13:53+00:00,a4b1906abee769cab2e501f7d241de34d65e5696,ok,,full_grid,500,0.25,0.75,0.018506936972098424,0.07195744129513836,-1.0,-1.0,1.0,1.0,0.0996165263590319,1.0,1.0,2.364947643000278,10,9,4,0.8,higher_is_better,-0.9076742738051424,1.0,0.07705181531269405,0.016749038636583103,1.0
bayesian_hyb_fpde,blood-transfusion-service-center,10101,0,openml_repeat0_fold0_sample0,leave_one_seed_reference,sensitivity_full,a92ccbb8368a,a92ccbb8368a,27180951904,1,IEEE Access Bayesian-FPDE sensitivity,refs/heads/main,a4b1906abee769cab2e501f7d241de34d65e5696,618cca24a2bf,618cca24a2bf,628cc710de81,2026-06-09T03:13:53+00:00,a4b1906abee769cab2e501f7d241de34d65e5696,ok,,full_grid,500,0.25,1.0,0.04310611372744917,0.16743156789328695,-0.39999999999999997,-0.39999999999999997,0.6399999999999999,1.0,0.012955872774691433,1.0,1.0,2.3722444900000426,10,9,4,0.8,higher_is_better,-0.3542256566751899,1.0,0.16235071815119115,0.007151520489855453,1.0
bayesian_hyb_fpde,blood-transfusion-service-center,10101,1,openml_repeat0_fold0_sample0,leave_one_seed_reference,sensitivity_full,a92ccbb8368a,a92ccbb8368a,27180951904,1,IEEE Access Bayesian-FPDE sensitivity,refs/heads/main,a4b1906abee769cab2e501f7d241de34d65e5696,618cca24a2bf,618cca24a2bf,74054990f087,2026-06-09T03:13:53+00:00,a4b1906abee769cab2e501f7d241de34d65e5696,ok,,full_grid,500,0.25,1.0,0.041875457333351254,0.1628244160613025,-0.19999999999999998,-0.19999999999999998,0.6399999999999999,1.0,0.009637764319267115,1.0,1.0,2.3715697259999047,10,9,4,0.8,higher_is_better,-0.9265937055922487,1.0,0.1527392211246569,0.006364855645922702,1.0
bayesian_hyb_fpde,blood-transfusion-service-center,10101,2,openml_repeat0_fold0_sample0,leave_one_seed_reference,sensitivity_full,a92ccbb8368a,a92ccbb8368a,27180951904,1,IEEE Access Bayesian-FPDE sensitivity,refs/heads/main,a4b1906abee769cab2e501f7d241de34d65e5696,618cca24a2bf,618cca24a2bf,b752772d827b,2026-06-09T03:13:54+00:00,a4b1906abee769cab2e501f7d241de34d65e5696,ok,,full_grid,500,0.25,1.0,0.042183004488594286,0.16405228367478963,-0.19999999999999998,-0.39999999999999997,0.6399999999999999,1.0,0.008456162523593241,1.0,1.0,2.373094758000093,10,9,4,0.8,higher_is_better,-0.8801288696608617,1.0,0.15271365259138434,0.021826631492133635,1.0
bayesian_hyb_fpde,blood-transfusion-service-center,10101,3,openml_repeat0_fold0_sample0,leave_one_seed_reference,sensitivity_full,a92ccbb8368a,a92ccbb8368a,27180951904,1,IEEE Access Bayesian-FPDE sensitivity,refs/heads/main,a4b1906abee769cab2e501f7d241de34d65e5696,618cca24a2bf,618cca24a2bf,4cbc9287fcb0,2026-06-09T03:13:54+00:00,a4b1906abee769cab2e501f7d241de34d65e5696,ok,,full_grid,500,0.25,1.0,0.042564339487063944,0.1652663542163772,-1.0,-0.7999999999999999,0.6399999999999999,1.0,0.010936732166232381,1.0,1.0,2.38005248200011,10,9,4,0.8,higher_is_better,-0.9402427397616707,1.0,0.16033090068312328,0.0051318640277189164,1.0
bayesian_hyb_fpde,blood-transfusion-service-center,10101,4,openml_repeat0_fold0_sample0,leave_one_seed_reference,sensitivity_full,a92ccbb8368a,a92ccbb8368a,27180951904,1,IEEE Access Bayesian-FPDE sensitivity,refs/heads/main,a4b1906abee769cab2e501f7d241de34d65e5696,618cca24a2bf,618cca24a2bf,c0b78b399a8a,2026-06-09T03:13:54+00:00,a4b1906abee769cab2e501f7d241de34d65e5696,ok,,full_grid,500,0.25,1.0,0.04227522844130542,0.1642848109562929,-0.19999999999999998,-0.19999999999999998,0.6399999999999999,1.0,0.008322824338808614,1.0,1.0,2.374228185999982,10,9,4,0.8,higher_is_better,-0.40965893843792944,1.0,0.1538280021499817,0.009825393798076272,1.0
bayesian_hyb_fpde,blood-transfusion-service-center,10101,5,openml_repeat0_fold0_sample0,leave_one_seed_reference,sensitivity_full,a92ccbb8368a,a92ccbb8368a,27180951904,1,IEEE Access Bayesian-FPDE sensitivity,refs/heads/main,a4b1906abee769cab2e501f7d241de34d65e5696,618cca24a2bf,618cca24a2bf,e735f84c5692,2026-06-09T03:13:54+00:00,a4b1906abee769cab2e501f7d241de34d65e5696,ok,,full_grid,500,0.25,1.0,0.0415403771989722,0.16116615749900748,-0.19999999999999998,-0.19999999999999998,0.6399999999999999,1.0,0.009145231874163672,1.0,1.0,2.3762698189998446,10,9,4,0.8,higher_is_better,-0.23169113020829926,1.0,0.1496526765157914,0.005189022306764793,1.0
bayesian_hyb_fpde,blood-transfusion-service-center,10101,6,openml_repeat0_fold0_sample0,leave_one_seed_reference,sensitivity_full,a92ccbb8368a,a92ccbb8368a,27180951904,1,IEEE Access Bayesian-FPDE sensitivity,refs/heads/main,a4b1906abee769cab2e501f7d241de34d65e5696,618cca24a2bf,618cca24a2bf,7848475dff5f,2026-06-09T03:13:54+00:00,a4b1906abee769cab2e501f7d241de34d65e5696,ok,,full_grid,500,0.25,1.0,0.04264055313835681,0.16568009522527422,-0.7999999999999999,-0.7999999999999999,0.6399999999999999,1.0,0.008609087846073865,1.0,1.0,2.36795580500052,10,9,4,0.8,higher_is_better,-0.858741906312819,1.0,0.16370286708126014,0.00999207095023273,1.0
bayesian_hyb_fpde,blood-transfusion-service-center,10101,7,openml_repeat0_fold0_sample0,leave_one_seed_reference,sensitivity_full,a92ccbb8368a,a92ccbb8368a,27180951904,1,IEEE Access Bayesian-FPDE sensitivity,refs/heads/main,a4b1906abee769cab2e501f7d241de34d65e5696,618cca24a2bf,618cca24a2bf,23d2a9c1b5d1,2026-06-09T03:13:54+00:00,a4b1906abee769cab2e501f7d241de34d65e5696,ok,,full_grid,500,0.25,1.0,0.042654685143104595,0.16551329996658515,0.39999999999999997,0.39999999999999997,0.6399999999999999,1.0,0.01063281292954419,1.0,1.0,2.3776232869997784,10,9,4,0.8,higher_is_better,0.015526197835297776,1.0,0.16439506023652956,0.006378386125441251,1.0
bayesian_hyb_fpde,blood-transfusion-service-center,10101,8,openml_repeat0_fold0_sample0,leave_one_seed_reference,sensitivity_full,a92ccbb8368a,a92ccbb8368a,27180951904,1,IEEE Access Bayesian-FPDE sensitivity,refs/heads/main,a4b1906abee769cab2e501f7d241de34d65e5696,618cca24a2bf,618cca24a2bf,69c1fb79f291,2026-06-09T03:13:54+00:00,a4b1906abee769cab2e501f7d241de34d65e5696,ok,,full_grid,500,0.25,1.0,0.042654470565748205,0.16566334100265007,-0.39999999999999997,-0.39999999999999997,0.6399999999999999,1.0,0.00975066305732397,1.0,1.0,2.3620182730003307,10,9,4,0.8,higher_is_better,-0.6034885850517775,1.0,0.15980492271354557,0.004825272487594154,1.0
bayesian_hyb_fpde,blood-transfusion-service-center,10101,9,openml_repeat0_fold0_sample0,leave_one_seed_reference,sensitivity_full,a92ccbb8368a,a92ccbb8368a,27180951904,1,IEEE Access Bayesian-FPDE sensitivity,refs/heads/main,a4b1906abee769cab2e501f7d241de34d65e5696,618cca24a2bf,618cca24a2bf,f51f8ea90c65,2026-06-09T03:13:54+00:00,a4b1906abee769cab2e501f7d241de34d65e5696,ok,,full_grid,500,0.25,1.0,0.04250078485604472,0.16503870135506826,-0.39999999999999997,-0.39999999999999997,0.6399999999999999,1.0,0.012218945152336014,1.0,1.0,2.382467864999967,10,9,4,0.8,higher_is_better,-0.7328829157177957,1.0,0.15811086099283392,0.01347434958589939,1.0
bayesian_hyb_fpde,credit-g,31,0,openml_repeat0_fold0_sample0,leave_one_seed_reference,sensitivity_full,a92ccbb8368a,a92ccbb8368a,27180951904,1,IEEE Access Bayesian-FPDE sensitivity,refs/heads/main,a4b1906abee769cab2e501f7d241de34d65e5696,618cca24a2bf,618cca24a2bf,2b1422aa2233,2026-06-09T03:13:54+00:00,a4b1906abee769cab2e501f7d241de34d65e5696,ok,,full_grid,500,0.25,1.0,0.006385925803194991,0.024821287268552043,0.5309888947646747,0.5309888947646747,0.8255843469063987,0.6867724867724868,0.0024005923944046305,1.0,1.0,3.2709562469999582,10,9,61,0.8,higher_is_better,0.4477334068932112,0.8048780487804879,0.01746978366539844,0.00213288675718096,0.6666666666666666
bayesian_hyb_fpde,credit-g,31,1,openml_repeat0_fold0_sample0,leave_one_seed_reference,sensitivity_full,a92ccbb8368a,a92ccbb8368a,27180951904,1,IEEE Access Bayesian-FPDE sensitivity,refs/heads/main,a4b1906abee769cab2e501f7d241de34d65e5696,618cca24a2bf,618cca24a2bf,0a6f6377bc89,2026-06-09T03:13:54+00:00,a4b1906abee769cab2e501f7d241de34d65e5696,ok,,full_grid,500,0.25,1.0,0.006395170159615415,0.0248627868825822,0.6619777895293495,0.6601797990481226,0.8255843469063987,0.6867724867724868,0.0026711898166530217,1.0,1.0,3.270431295000094,10,9,61,0.8,higher_is_better,0.6220098652367266,0.8292682926829268,0.016538266418403735,0.0012926821076358823,0.6666666666666666
bayesian_hyb_fpde,credit-g,31,2,openml_repeat0_fold0_sample0,leave_one_seed_reference,sensitivity_full,a92ccbb8368a,a92ccbb8368a,27180951904,1,IEEE Access Bayesian-FPDE sensitivity,refs/heads/main,a4b1906abee769cab2e501f7d241de34d65e5696,618cca24a2bf,618cca24a2bf,ee7d28d9d04d,2026-06-09T03:13:54+00:00,a4b1906abee769cab2e501f7d241de34d65e5696,ok,,full_grid,500,0.25,1.0,0.0062803358601204885,0.02441264278378993,0.5673717609730301,0.5679005817028027,0.8255843469063987,0.6867724867724868,0.005301521334214119,1.0,0.9836065573770492,3.2754620490000548,10,9,61,0.8,higher_is_better,0.5568256184575605,0.8292682926829268,0.01477707611699988,0.0016904603965519514,0.6666666666666666
bayesian_hyb_fpde,credit-g,31,3,openml_repeat0_fold0_sample0,leave_one_seed_reference,sensitivity_full,a92ccbb8368a,a92ccbb8368a,27180951904,1,IEEE Access Bayesian-FPDE sensitivity,refs/heads/main,a4b1906abee769cab2e501f7d241de34d65e5696,618cca24a2bf,618cca24a2bf,254c2d0812c4,2026-06-09T03:13:54+00:00,a4b1906abee769cab2e501f7d241de34d65e5696,ok,,full_grid,500,0.25,0.9836065573770492,0.006385069709951764,0.024787769495995884,0.5227921734531993,0.5215758857747222,0.8255843469063987,0.6867724867724868,0.004151802705598566,1.0,1.0,3.2705841699998928,10,9,61,0.8,higher_is_better,0.4402911471932827,0.8292682926829268,0.015482570833555049,0.0012384494483478794,1.0
bayesian_hyb_fpde,credit-g,31,4,openml_repeat0_fold0_sample0,leave_one_seed_reference,sensitivity_full,a92ccbb8368a,a92ccbb8368a,27180951904,1,IEEE Access Bayesian-FPDE sensitivity,refs/heads/main,a4b1906abee769cab2e501f7d241de34d65e5696,618cca24a2bf,618cca24a2bf,c9f4153042f1,2026-06-09T03:13:54+00:00,a4b1906abee769cab2e501f7d241de34d65e5696,ok,,full_grid,500,0.25,1.0,0.006336664923721096,0.024607701454762123,0.7154944473823374,0.7149656266525648,0.8255843469063987,0.6867724867724868,0.0038671016726354954,1.0,0.9836065573770492,3.275629098000138,10,9,61,0.8,higher_is_better,0.47385956961338266,0.926829268292683,0.015011648186102431,0.0012919496736413449,0.6666666666666666
bayesian_hyb_fpde,credit-g,31,5,openml_repeat0_fold0_sample0,leave_one_seed_reference,sensitivity_full,a92ccbb8368a,a92ccbb8368a,27180951904,1,IEEE Access Bayesian-FPDE sensitivity,refs/heads/main,a4b1906abee769cab2e501f7d241de34d65e5696,618cca24a2bf,618cca24a2bf,5c6b307abb1b,2026-06-09T03:13:54+00:00,a4b1906abee769cab2e501f7d241de34d65e5696,ok,,full_grid,500,0.25,1.0,0.006311211237444235,0.024528539644932245,0.6377049180327867,0.6360655737704918,0.8255843469063987,0.6867724867724868,0.0039834479746028205,1.0,0.9836065573770492,3.249662875999661,10,9,61,0.8,higher_is_better,0.6402690064042291,0.7804878048780488,0.015570041976966844,0.0015509662590123417,1.0
bayesian_hyb_fpde,credit-g,31,6,openml_repeat0_fold0_sample0,leave_one_seed_reference,sensitivity_full,a92ccbb8368a,a92ccbb8368a,27180951904,1,IEEE Access Bayesian-FPDE sensitivity,refs/heads/main,a4b1906abee769cab2e501f7d241de34d65e5696,618cca24a2bf,618cca24a2bf,5d5aa5690d4b,2026-06-09T03:13:54+00:00,a4b1906abee769cab2e501f7d241de34d65e5696,ok,,full_grid,500,0.25,1.0,0.006367848167041345,0.024743896911328007,0.635113696456901,0.6371760973030142,0.8255843469063987,0.6867724867724868,0.0033575632106677333,1.0,1.0,3.273070034999705,10,9,61,0.8,higher_is_better,0.5872735668616144,0.8292682926829268,0.014787111995371027,0.001250354816076481,0.6666666666666666
bayesian_hyb_fpde,credit-g,31,7,openml_repeat0_fold0_sample0,leave_one_seed_reference,sensitivity_full,a92ccbb8368a,a92ccbb8368a,27180951904,1,IEEE Access Bayesian-FPDE sensitivity,refs/heads/main,a4b1906abee769cab2e501f7d241de34d65e5696,618cca24a2bf,618cca24a2bf,41a9b1bea621,2026-06-09T03:13:54+00:00,a4b1906abee769cab2e501f7d241de34d65e5696,ok,,full_grid,500,0.25,1.0,0.006328665831218752,0.024566605945581108,0.5276573241671074,0.5258064516129032,0.8255843469063987,0.6867724867724868,0.003388555035960925,1.0,1.0,3.2736297070001683,10,9,61,0.8,higher_is_better,0.4511631695775622,0.8292682926829268,0.014773367110578084,0.0010828155802471758,0.6666666666666666
bayesian_hyb_fpde,credit-g,31,8,openml_repeat0_fold0_sample0,leave_one_seed_reference,sensitivity_full,a92ccbb8368a,a92ccbb8368a,27180951904,1,IEEE Access Bayesian-FPDE sensitivity,refs/heads/main,a4b1906abee769cab2e501f7d241de34d65e5696,618cca24a2bf,618cca24a2bf,cb5a80426bea,2026-06-09T03:13:54+00:00,a4b1906abee769cab2e501f7d241de34d65e5696,ok,,full_grid,500,0.25,0.9836065573770492,0.006366162836082212,0.024728369888358376,0.6795875198307773,0.6802749867794816,0.8255843469063987,0.6867724867724868,0.003892667720683022,1.0,1.0,3.275434473999894,10,9,61,0.8,higher_is_better,0.41877596819942764,0.9024390243902439,0.015777787750384166,0.0015361260288926167,0.6666666666666666
bayesian_hyb_fpde,credit-g,31,9,openml_repeat0_fold0_sample0,leave_one_seed_reference,sensitivity_full,a92ccbb8368a,a92ccbb8368a,27180951904,1,IEEE Access Bayesian-FPDE sensitivity,refs/heads/main,a4b1906abee769cab2e501f7d241de34d65e5696,618cca24a2bf,618cca24a2bf,c2a6dfb554f6,2026-06-09T03:13:54+00:00,a4b1906abee769cab2e501f7d241de34d65e5696,ok,,full_grid,500,0.25,0.9836065573770492,0.006371339862361403,0.024761045656241844,0.7037546271813854,0.7022739291380221,0.8255843469063987,0.6867724867724868,0.003580196828551773,1.0,0.9836065573770492,3.2509242300001233,10,9,61,0.8,higher_is_better,0.5157545679027158,0.7317073170731707,0.01626598087142131,0.001650032731325793,1.0
bayesian_hyb_fpde,diabetes,37,0,openml_repeat0_fold0_sample0,leave_one_seed_reference,sensitivity_full,a92ccbb8368a,a92ccbb8368a,27180951904,1,IEEE Access Bayesian-FPDE sensitivity,refs/heads/main,a4b1906abee769cab2e501f7d241de34d65e5696,618cca24a2bf,618cca24a2bf,ef16561216c1,2026-06-09T03:13:54+00:00,a4b1906abee769cab2e501f7d241de34d65e5696,ok,,full_grid,500,0.25,1.0,0.026570567099855988,0.10319611834093381,-0.2142857142857143,-0.2142857142857143,0.9698412698412697,1.0,0.05149725819219589,1.0,1.0,2.4499378170000625,10,9,8,0.8,higher_is_better,-0.11162123917724114,1.0,0.10096952694161676,0.005167806305442106,1.0
bayesian_hyb_fpde,diabetes,37,1,openml_repeat0_fold0_sample0,leave_one_seed_reference,sensitivity_full,a92ccbb8368a,a92ccbb8368a,27180951904,1,IEEE Access Bayesian-FPDE sensitivity,refs/heads/main,a4b1906abee769cab2e501f7d241de34d65e5696,618cca24a2bf,618cca24a2bf,f328ebe9feb1,2026-06-09T03:13:54+00:00,a4b1906abee769cab2e501f7d241de34d65e5696,ok,,full_grid,500,0.25,1.0,0.027113538695021387,0.10507467877682714,0.07142857142857144,-0.04761904761904763,0.9698412698412697,1.0,0.05688755264307909,1.0,1.0,2.4493074290000436,10,9,8,0.8,higher_is_better,-0.08604003043678819,1.0,0.10487700403026734,0.009463021375975156,1.0
bayesian_hyb_fpde,diabetes,37,2,openml_repeat0_fold0_sample0,leave_one_seed_reference,sensitivity_full,a92ccbb8368a,a92ccbb8368a,27180951904,1,IEEE Access Bayesian-FPDE sensitivity,refs/heads/main,a4b1906abee769cab2e501f7d241de34d65e5696,618cca24a2bf,618cca24a2bf,e7fd5a0273e0,2026-06-09T03:13:54+00:00,a4b1906abee769cab2e501f7d241de34d65e5696,ok,,full_grid,500,0.25,1.0,0.027095202184043637,0.10524408125281196,-0.19047619047619052,-0.1666666666666667,0.9698412698412697,1.0,0.053218774233807054,1.0,0.875,2.451893213999824,10,9,8,0.8,higher_is_better,0.225001122164243,1.0,0.106179307384306,0.010148353662958624,1.0
bayesian_hyb_fpde,diabetes,37,3,openml_repeat0_fold0_sample0,leave_one_seed_reference,sensitivity_full,a92ccbb8368a,a92ccbb8368a,27180951904,1,IEEE Access Bayesian-FPDE sensitivity,refs/heads/main,a4b1906abee769cab2e501f7d241de34d65e5696,618cca24a2bf,618cca24a2bf,b0b6007e2116,2026-06-09T03:13:54+00:00,a4b1906abee769cab2e501f7d241de34d65e5696,ok,,full_grid,500,0.25,1.0,0.02646688139877105,0.10260249766025237,-0.09523809523809526,-0.09523809523809526,0.9698412698412697,1.0,0.052661795235941056,1.0,1.0,2.4813542500002086,10,9,8,0.8,higher_is_better,0.09938751428045763,1.0,0.105288440127557,0.008249823795495152,1.0
bayesian_hyb_fpde,diabetes,37,4,openml_repeat0_fold0_sample0,leave_one_seed_reference,sensitivity_full,a92ccbb8368a,a92ccbb8368a,27180951904,1,IEEE Access Bayesian-FPDE sensitivity,refs/heads/main,a4b1906abee769cab2e501f7d241de34d65e5696,618cca24a2bf,618cca24a2bf,dce8b2129358,2026-06-09T03:13:54+00:00,a4b1906abee769cab2e501f7d241de34d65e5696,ok,,full_grid,500,0.25,1.0,0.026891452492935185,0.10436099208640984,-0.3333333333333334,-0.2380952380952381,0.9698412698412697,1.0,0.051240664353189365,1.0,1.0,2.460928321999802,10,9,8,0.8,higher_is_better,-0.37106935606867436,1.0,0.10625552605502114,0.00597396482766566,1.0
bayesian_hyb_fpde,diabetes,37,5,openml_repeat0_fold0_sample0,leave_one_seed_reference,sensitivity_full,a92ccbb8368a,a92ccbb8368a,27180951904,1,IEEE Access Bayesian-FPDE sensitivity,refs/heads/main,a4b1906abee769cab2e501f7d241de34d65e5696,618cca24a2bf,618cca24a2bf,4f616a9e9442,2026-06-09T03:13:54+00:00,a4b1906abee769cab2e501f7d241de34d65e5696,ok,,full_grid,500,0.25,1.0,0.02657922443681726,0.10330240546239775,-0.2380952380952381,-0.2380952380952381,0.9698412698412697,1.0,0.052574572881402125,1.0,1.0,2.457495475999849,10,9,8,0.8,higher_is_better,-0.03418081906141821,1.0,0.10356584539543108,0.005783513557511098,1.0
bayesian_hyb_fpde,diabetes,37,6,openml_repeat0_fold0_sample0,leave_one_seed_reference,sensitivity_full,a92ccbb8368a,a92ccbb8368a,27180951904,1,IEEE Access Bayesian-FPDE sensitivity,refs/heads/main,a4b1906abee769cab2e501f7d241de34d65e5696,618cca24a2bf,618cca24a2bf,2394b15dd45b,2026-06-09T03:13:54+00:00,a4b1906abee769cab2e501f7d241de34d65e5696,ok,,full_grid,500,0.25,1.0,0.02667887589502744,0.10382117536004046,-0.3333333333333334,-0.3333333333333334,0.9698412698412697,1.0,0.052080631477607026,1.0,1.0,2.471985011000129,10,9,8,0.8,higher_is_better,-0.3321071784793905,1.0,0.10243559480257006,0.006473799942569648,1.0
bayesian_hyb_fpde,diabetes,37,7,openml_repeat0_fold0_sample0,leave_one_seed_reference,sensitivity_full,a92ccbb8368a,a92ccbb8368a,27180951904,1,IEEE Access Bayesian-FPDE sensitivity,refs/heads/main,a4b1906abee769cab2e501f7d241de34d65e5696,618cca24a2bf,618cca24a2bf,047b588cb52c,2026-06-09T03:13:54+00:00,a4b1906abee769cab2e501f7d241de34d65e5696,ok,,full_grid,500,0.25,1.0,0.027316065903806662,0.10626558421092126,-0.11904761904761905,-0.11904761904761905,0.9698412698412697,1.0,0.055423274388297424,1.0,1.0,2.46055912599968,10,9,8,0.8,higher_is_better,0.0104229608927349,1.0,0.10673274946205255,0.01360746318675012,1.0
bayesian_hyb_fpde,diabetes,37,8,openml_repeat0_fold0_sample0,leave_one_seed_reference,sensitivity_full,a92ccbb8368a,a92ccbb8368a,27180951904,1,IEEE Access Bayesian-FPDE sensitivity,refs/heads/main,a4b1906abee769cab2e501f7d241de34d65e5696,618cca24a2bf,618cca24a2bf,56e00e1247aa,2026-06-09T03:13:54+00:00,a4b1906abee769cab2e501f7d241de34d65e5696,ok,,full_grid,500,0.25,1.0,0.026549727274085857,0.10323066755918071,-0.9523809523809524,-0.9761904761904763,0.9698412698412697,1.0,0.051381300579349316,1.0,1.0,2.460291774999405,10,9,8,0.8,higher_is_better,-0.9265500911059883,0.875,0.10221820126640521,0.003704005237497993,1.0
bayesian_hyb_fpde,diabetes,37,9,openml_repeat0_fold0_sample0,leave_one_seed_reference,sensitivity_full,a92ccbb8368a,a92ccbb8368a,27180951904,1,IEEE Access Bayesian-FPDE sensitivity,refs/heads/main,a4b1906abee769cab2e501f7d241de34d65e5696,618cca24a2bf,618cca24a2bf,327798ce267b,2026-06-09T03:13:54+00:00,a4b1906abee769cab2e501f7d241de34d65e5696,ok,,full_grid,500,0.25,1.0,0.026805897022724803,0.10415045638968923,-0.14285714285714288,-0.14285714285714288,0.9698412698412697,1.0,0.04629673049466589,1.0,1.0,2.4812270830000216,10,9,8,0.8,higher_is_better,-0.36893887348734045,0.875,0.10720710817657832,0.00932776977029557,1.0
bayesian_hyb_fpde,wdbc,9946,0,openml_repeat0_fold0_sample0,leave_one_seed_reference,sensitivity_full,a92ccbb8368a,a92ccbb8368a,27180951904,1,IEEE Access Bayesian-FPDE sensitivity,refs/heads/main,a4b1906abee769cab2e501f7d241de34d65e5696,618cca24a2bf,618cca24a2bf,ac1fff0f0a8e,2026-06-09T03:13:54+00:00,a4b1906abee769cab2e501f7d241de34d65e5696,ok,,full_grid,500,0.25,1.0,0.01699220434926382,0.06600787605507205,-0.31835372636262516,-0.32057842046718577,0.9894104560622913,0.7925925925925924,0.18617393243762645,1.0,1.0,2.7852441909999754,10,9,30,0.8,higher_is_better,-0.2643691163702937,1.0,0.06578974625073986,0.004353909909692583,0.6666666666666666
bayesian_hyb_fpde,wdbc,9946,1,openml_repeat0_fold0_sample0,leave_one_seed_reference,sensitivity_full,a92ccbb8368a,a92ccbb8368a,27180951904,1,IEEE Access Bayesian-FPDE sensitivity,refs/heads/main,a4b1906abee769cab2e501f7d241de34d65e5696,618cca24a2bf,618cca24a2bf,0da2abc39060,2026-06-09T03:13:54+00:00,a4b1906abee769cab2e501f7d241de34d65e5696,ok,,full_grid,500,0.25,1.0,0.01689139447629339,0.0656327555987362,-0.2186874304783092,-0.19555061179087874,0.9894104560622913,0.7925925925925924,0.1876413506258213,1.0,1.0,2.7989504320000265,10,9,30,0.8,higher_is_better,-0.12561755814738337,0.9629629629629629,0.0668693489650471,0.007486150421266458,0.6666666666666666
bayesian_hyb_fpde,wdbc,9946,2,openml_repeat0_fold0_sample0,leave_one_seed_reference,sensitivity_full,a92ccbb8368a,a92ccbb8368a,27180951904,1,IEEE Access Bayesian-FPDE sensitivity,refs/heads/main,a4b1906abee769cab2e501f7d241de34d65e5696,618cca24a2bf,618cca24a2bf,d3e27aa06565,2026-06-09T03:13:54+00:00,a4b1906abee769cab2e501f7d241de34d65e5696,ok,,full_grid,500,0.25,1.0,0.01692231989332479,0.06575521310078149,-0.2146829810901001,-0.23648498331479423,0.9894104560622913,0.7925925925925924,0.18378460071710845,1.0,1.0,2.797817668999869,10,9,30,0.8,higher_is_better,-0.2236222005842715,1.0,0.06431265072886595,0.0039010273515129074,0.6666666666666666
bayesian_hyb_fpde,wdbc,9946,3,openml_repeat0_fold0_sample0,leave_one_seed_reference,sensitivity_full,a92ccbb8368a,a92ccbb8368a,27180951904,1,IEEE Access Bayesian-FPDE sensitivity,refs/heads/main,a4b1906abee769cab2e501f7d241de34d65e5696,618cca24a2bf,618cca24a2bf,4e540b488887,2026-06-09T03:13:54+00:00,a4b1906abee769cab2e501f7d241de34d65e5696,ok,,full_grid,500,0.25,1.0,0.016699602250624664,0.06485181611091913,-0.5639599555061179,-0.56440489432703,0.9894104560622913,0.7925925925925924,0.17365331417696125,1.0,1.0,2.8017186569997534,10,9,30,0.8,higher_is_better,-0.5823520167227642,1.0,0.06409196863708361,0.008277752562961383,0.6666666666666666
bayesian_hyb_fpde,wdbc,9946,4,openml_repeat0_fold0_sample0,leave_one_seed_reference,sensitivity_full,a92ccbb8368a,a92ccbb8368a,27180951904,1,IEEE Access Bayesian-FPDE sensitivity,refs/heads/main,a4b1906abee769cab2e501f7d241de34d65e5696,618cca24a2bf,618cca24a2bf,eca0e01f47d6,2026-06-09T03:13:54+00:00,a4b1906abee769cab2e501f7d241de34d65e5696,ok,,full_grid,500,0.25,1.0,0.017157182955519105,0.06666997606255515,-0.5083426028921022,-0.5216907675194661,0.9894104560622913,0.7925925925925924,0.18652366848282,1.0,0.9666666666666667,2.7996726740000213,10,9,30,0.8,higher_is_better,-0.42888112429917247,1.0,0.06526666073816552,0.005268480620293596,1.0
bayesian_hyb_fpde,wdbc,9946,5,openml_repeat0_fold0_sample0,leave_one_seed_reference,sensitivity_full,a92ccbb8368a,a92ccbb8368a,27180951904,1,IEEE Access Bayesian-FPDE sensitivity,refs/heads/main,a4b1906abee769cab2e501f7d241de34d65e5696,618cca24a2bf,618cca24a2bf,1e297e084fb7,2026-06-09T03:13:54+00:00,a4b1906abee769cab2e501f7d241de34d65e5696,ok,,full_grid,500,0.25,0.9,0.01673645200185195,0.06499234122471968,-0.5813125695216907,-0.5830923248053392,0.9894104560622913,0.7925925925925924,0.17357774585751137,1.0,1.0,2.8002676899999415,10,9,30,0.8,higher_is_better,-0.6186608157852995,1.0,0.06451510898775642,0.010041239477045492,0.6666666666666666
bayesian_hyb_fpde,wdbc,9946,6,openml_repeat0_fold0_sample0,leave_one_seed_reference,sensitivity_full,a92ccbb8368a,a92ccbb8368a,27180951904,1,IEEE Access Bayesian-FPDE sensitivity,refs/heads/main,a4b1906abee769cab2e501f7d241de34d65e5696,618cca24a2bf,618cca24a2bf,145d419dc9a7,2026-06-09T03:13:54+00:00,a4b1906abee769cab2e501f7d241de34d65e5696,ok,,full_grid,500,0.25,1.0,0.017232599858442128,0.06690845114538395,-0.37842046718576194,-0.38242491657397104,0.9894104560622913,0.7925925925925924,0.18970345991374174,1.0,1.0,2.807067725998877,10,9,30,0.8,higher_is_better,-0.3855915385136464,1.0,0.06574606744181438,0.008427056950880514,0.6666666666666666
bayesian_hyb_fpde,wdbc,9946,7,openml_repeat0_fold0_sample0,leave_one_seed_reference,sensitivity_full,a92ccbb8368a,a92ccbb8368a,27180951904,1,IEEE Access Bayesian-FPDE sensitivity,refs/heads/main,a4b1906abee769cab2e501f7d241de34d65e5696,618cca24a2bf,618cca24a2bf,ef4da98233d2,2026-06-09T03:13:54+00:00,a4b1906abee769cab2e501f7d241de34d65e5696,ok,,full_grid,500,0.25,1.0,0.016933775383326372,0.06567673741287687,-0.1635150166852058,-0.16173526140155728,0.9894104560622913,0.7925925925925924,0.18038199003491462,1.0,1.0,2.8215423679997684,10,9,30,0.8,higher_is_better,-0.09930554807247027,0.9629629629629629,0.06462879515399203,0.009677112443852628,0.6666666666666666
bayesian_hyb_fpde,wdbc,9946,8,openml_repeat0_fold0_sample0,leave_one_seed_reference,sensitivity_full,a92ccbb8368a,a92ccbb8368a,27180951904,1,IEEE Access Bayesian-FPDE sensitivity,refs/heads/main,a4b1906abee769cab2e501f7d241de34d65e5696,618cca24a2bf,618cca24a2bf,354409438a00,2026-06-09T03:13:54+00:00,a4b1906abee769cab2e501f7d241de34d65e5696,ok,,full_grid,500,0.25,0.9333333333333333,0.01632533524334168,0.06341069843262691,-0.300111234705228,-0.2996662958843159,0.9894104560622913,0.7925925925925924,0.17487680058252222,1.0,1.0,2.8026458769994633,10,9,30,0.8,higher_is_better,-0.26484195913134123,1.0,0.06354647729142196,0.009160315128384519,0.6666666666666666
bayesian_hyb_fpde,wdbc,9946,9,openml_repeat0_fold0_sample0,leave_one_seed_reference,sensitivity_full,a92ccbb8368a,a92ccbb8368a,27180951904,1,IEEE Access Bayesian-FPDE sensitivity,refs/heads/main,a4b1906abee769cab2e501f7d241de34d65e5696,618cca24a2bf,618cca24a2bf,2073eb1cc9ee,2026-06-09T03:13:54+00:00,a4b1906abee769cab2e501f7d241de34d65e5696,ok,,full_grid,500,0.25,1.0,0.01733140744707166,0.06727581523392694,-0.36240266963292544,-0.3659621802002225,0.9894104560622913,0.7925925925925924,0.18891407333905136,1.0,0.9666666666666667,2.7860662309996087,10,9,30,0.8,higher_is_better,-0.31483950873617794,1.0,0.0668338957809071,0.006878571583448072,0.6666666666666666
bayesian_hyb_fpde,banknote-authentication,10093,0,openml_repeat0_fold0_sample0,leave_one_seed_reference,sensitivity_full,a92ccbb8368a,a92ccbb8368a,27180951904,1,IEEE Access Bayesian-FPDE sensitivity,refs/heads/main,a4b1906abee769cab2e501f7d241de34d65e5696,618cca24a2bf,618cca24a2bf,1ceabc0f42ee,2026-06-09T03:13:54+00:00,a4b1906abee769cab2e501f7d241de34d65e5696,ok,,full_grid,500,0.5,0.75,0.025439600118978025,0.09902384871591735,-0.39999999999999997,-0.39999999999999997,1.0,1.0,0.0,1.0,1.0,2.387038035000103,10,9,4,0.8,higher_is_better,-0.23495895773283482,1.0,0.09552081975433818,0.029226861623560293,1.0
bayesian_hyb_fpde,banknote-authentication,10093,1,openml_repeat0_fold0_sample0,leave_one_seed_reference,sensitivity_full,a92ccbb8368a,a92ccbb8368a,27180951904,1,IEEE Access Bayesian-FPDE sensitivity,refs/heads/main,a4b1906abee769cab2e501f7d241de34d65e5696,618cca24a2bf,618cca24a2bf,2dacc157ad9e,2026-06-09T03:13:54+00:00,a4b1906abee769cab2e501f7d241de34d65e5696,ok,,full_grid,500,0.5,0.75,0.028960433806640422,0.11273900134416681,-0.7999999999999999,-0.7999999999999999,1.0,1.0,0.0,1.0,1.0,2.3735204339999427,10,9,4,0.8,higher_is_better,-0.9222504354247849,0.75,0.12274520876838488,0.03887619922942652,1.0
bayesian_hyb_fpde,banknote-authentication,10093,2,openml_repeat0_fold0_sample0,leave_one_seed_reference,sensitivity_full,a92ccbb8368a,a92ccbb8368a,27180951904,1,IEEE Access Bayesian-FPDE sensitivity,refs/heads/main,a4b1906abee769cab2e501f7d241de34d65e5696,618cca24a2bf,618cca24a2bf,4074a5a85ff9,2026-06-09T03:13:54+00:00,a4b1906abee769cab2e501f7d241de34d65e5696,ok,,full_grid,500,0.5,0.75,0.02679668184650306,0.1040898485586904,-1.0,-1.0,1.0,1.0,0.0,1.0,1.0,2.3782721389999324,10,9,4,0.8,higher_is_better,-0.903209736315225,1.0,0.11443573006054186,0.03447806106737733,1.0
bayesian_hyb_fpde,banknote-authentication,10093,3,openml_repeat0_fold0_sample0,leave_one_seed_reference,sensitivity_full,a92ccbb8368a,a92ccbb8368a,27180951904,1,IEEE Access Bayesian-FPDE sensitivity,refs/heads/main,a4b1906abee769cab2e501f7d241de34d65e5696,618cca24a2bf,618cca24a2bf,3ccb9efd96d1,2026-06-09T03:13:54+00:00,a4b1906abee769cab2e501f7d241de34d65e5696,ok,,full_grid,500,0.5,0.5,0.028638525560033483,0.11155082233594832,-0.7999999999999999,-0.7999999999999999,1.0,1.0,0.0,1.0,1.0,2.3836736280001105,10,9,4,0.8,higher_is_better,-0.1846509417262473,1.0,0.11832134023245325,0.05265683380299357,1.0
bayesian_hyb_fpde,banknote-authentication,10093,4,openml_repeat0_fold0_sample0,leave_one_seed_reference,sensitivity_full,a92ccbb8368a,a92ccbb8368a,27180951904,1,IEEE Access Bayesian-FPDE sensitivity,refs/heads/main,a4b1906abee769cab2e501f7d241de34d65e5696,618cca24a2bf,618cca24a2bf,49584a00618c,2026-06-09T03:13:54+00:00,a4b1906abee769cab2e501f7d241de34d65e5696,ok,,full_grid,500,0.5,0.75,0.02466693948975447,0.09601242555938579,-0.7999999999999999,-0.7999999999999999,1.0,1.0,0.0,1.0,1.0,2.3700738020002063,10,9,4,0.8,higher_is_better,-0.9864104286534816,1.0,0.1075488969902332,0.04064274299981037,1.0
bayesian_hyb_fpde,banknote-authentication,10093,5,openml_repeat0_fold0_sample0,leave_one_seed_reference,sensitivity_full,a92ccbb8368a,a92ccbb8368a,27180951904,1,IEEE Access Bayesian-FPDE sensitivity,refs/heads/main,a4b1906abee769cab2e501f7d241de34d65e5696,618cca24a2bf,618cca24a2bf,7a8ac4ab3e09,2026-06-09T03:13:54+00:00,a4b1906abee769cab2e501f7d241de34d65e5696,ok,,full_grid,500,0.5,0.75,0.0313644288162757,0.12211869750693236,-0.7999999999999999,-0.7999999999999999,1.0,1.0,0.0,1.0,1.0,2.3912719839996726,10,9,4,0.8,higher_is_better,-0.9633392870859395,1.0,0.1325992762835412,0.0322178697121905,1.0
bayesian_hyb_fpde,banknote-authentication,10093,6,openml_repeat0_fold0_sample0,leave_one_seed_reference,sensitivity_full,a92ccbb8368a,a92ccbb8368a,27180951904,1,IEEE Access Bayesian-FPDE sensitivity,refs/heads/main,a4b1906abee769cab2e501f7d241de34d65e5696,618cca24a2bf,618cca24a2bf,6e677064f61f,2026-06-09T03:13:54+00:00,a4b1906abee769cab2e501f7d241de34d65e5696,ok,,full_grid,500,0.5,1.0,0.028377162649828237,0.11048117927849671,-0.7999999999999999,-0.7999999999999999,1.0,1.0,0.0,1.0,1.0,2.3870743979996405,10,9,4,0.8,higher_is_better,-0.8354003656510377,1.0,0.1122422084568953,0.004642542996748643,1.0
bayesian_hyb_fpde,banknote-authentication,10093,7,openml_repeat0_fold0_sample0,leave_one_seed_reference,sensitivity_full,a92ccbb8368a,a92ccbb8368a,27180951904,1,IEEE Access Bayesian-FPDE sensitivity,refs/heads/main,a4b1906abee769cab2e501f7d241de34d65e5696,618cca24a2bf,618cca24a2bf,13172703bbaa,2026-06-09T03:13:54+00:00,a4b1906abee769cab2e501f7d241de34d65e5696,ok,,full_grid,500,0.5,0.75,0.026816929430044767,0.10429318308201593,-0.7999999999999999,-0.7999999999999999,1.0,1.0,0.0,1.0,1.0,2.381660095999564,10,9,4,0.8,higher_is_better,-0.9158930272129197,1.0,0.10529548518212173,0.054158797832133565,1.0
bayesian_hyb_fpde,banknote-authentication,10093,8,openml_repeat0_fold0_sample0,leave_one_seed_reference,sensitivity_full,a92ccbb8368a,a92ccbb8368a,27180951904,1,IEEE Access Bayesian-FPDE sensitivity,refs/heads/main,a4b1906abee769cab2e501f7d241de34d65e5696,618cca24a2bf,618cca24a2bf,c1837e56c80f,2026-06-09T03:13:54+00:00,a4b1906abee769cab2e501f7d241de34d65e5696,ok,,full_grid,500,0.5,0.75,0.026797200599539668,0.1043272206825002,-0.39999999999999997,-0.39999999999999997,1.0,1.0,0.0,1.0,1.0,2.36933262700029,10,9,4,0.8,higher_is_better,-0.18932811350422182,1.0,0.10560031013178087,0.028730870559715807,1.0
bayesian_hyb_fpde,banknote-authentication,10093,9,openml_repeat0_fold0_sample0,leave_one_seed_reference,sensitivity_full,a92ccbb8368a,a92ccbb8368a,27180951904,1,IEEE Access Bayesian-FPDE sensitivity,refs/heads/main,a4b1906abee769cab2e501f7d241de34d65e5696,618cca24a2bf,618cca24a2bf,6d0b70fd594e,2026-06-09T03:13:54+00:00,a4b1906abee769cab2e501f7d241de34d65e5696,ok,,full_grid,500,0.5,0.75,0.02617050110097359,0.1017434165068992,-0.7999999999999999,-0.7999999999999999,1.0,1.0,0.0,1.0,1.0,2.3628995339995527,10,9,4,0.8,higher_is_better,-0.7012630163043347,1.0,0.10832131224815003,0.021686617859319766,1.0
bayesian_hyb_fpde,blood-transfusion-service-center,10101,0,openml_repeat0_fold0_sample0,leave_one_seed_reference,sensitivity_full,a92ccbb8368a,a92ccbb8368a,27180951904,1,IEEE Access Bayesian-FPDE sensitivity,refs/heads/main,a4b1906abee769cab2e501f7d241de34d65e5696,618cca24a2bf,618cca24a2bf,e48480fcddd9,2026-06-09T03:13:54+00:00,a4b1906abee769cab2e501f7d241de34d65e5696,ok,,full_grid,500,0.5,1.0,0.04898239721054057,0.19013719166884957,-0.39999999999999997,-0.39999999999999997,0.7155555555555555,1.0,0.0,1.0,1.0,2.370417816000014,10,9,4,0.8,higher_is_better,-0.26747656459164826,1.0,0.18881986402947262,0.008483609099435652,1.0
bayesian_hyb_fpde,blood-transfusion-service-center,10101,1,openml_repeat0_fold0_sample0,leave_one_seed_reference,sensitivity_full,a92ccbb8368a,a92ccbb8368a,27180951904,1,IEEE Access Bayesian-FPDE sensitivity,refs/heads/main,a4b1906abee769cab2e501f7d241de34d65e5696,618cca24a2bf,618cca24a2bf,30c93624283d,2026-06-09T03:13:54+00:00,a4b1906abee769cab2e501f7d241de34d65e5696,ok,,full_grid,500,0.5,1.0,0.04689794299953412,0.18213648465258384,-0.7999999999999999,-0.7999999999999999,0.7155555555555555,1.0,0.0,1.0,1.0,2.364506990999871,10,9,4,0.8,higher_is_better,-0.9825148201938834,1.0,0.17594463888065293,0.009264864195788813,1.0
bayesian_hyb_fpde,blood-transfusion-service-center,10101,2,openml_repeat0_fold0_sample0,leave_one_seed_reference,sensitivity_full,a92ccbb8368a,a92ccbb8368a,27180951904,1,IEEE Access Bayesian-FPDE sensitivity,refs/heads/main,a4b1906abee769cab2e501f7d241de34d65e5696,618cca24a2bf,618cca24a2bf,cb674257572c,2026-06-09T03:13:54+00:00,a4b1906abee769cab2e501f7d241de34d65e5696,ok,,full_grid,500,0.5,1.0,0.0476085557851124,0.18520948908616625,-0.39999999999999997,-0.39999999999999997,0.7155555555555555,1.0,0.0,1.0,1.0,2.375887222000074,10,9,4,0.8,higher_is_better,-0.7555927069439756,1.0,0.1768586639264603,0.0244391658991743,1.0
bayesian_hyb_fpde,blood-transfusion-service-center,10101,3,openml_repeat0_fold0_sample0,leave_one_seed_reference,sensitivity_full,a92ccbb8368a,a92ccbb8368a,27180951904,1,IEEE Access Bayesian-FPDE sensitivity,refs/heads/main,a4b1906abee769cab2e501f7d241de34d65e5696,618cca24a2bf,618cca24a2bf,bdabd28dadb0,2026-06-09T03:13:54+00:00,a4b1906abee769cab2e501f7d241de34d65e5696,ok,,full_grid,500,0.5,1.0,0.04806175241987937,0.1863213531042317,-1.0,-0.7999999999999999,0.7155555555555555,1.0,0.0,1.0,1.0,2.39431810800005,10,9,4,0.8,higher_is_better,-0.9866865866575294,1.0,0.1858017783875323,0.005383265298189894,1.0
bayesian_hyb_fpde,blood-transfusion-service-center,10101,4,openml_repeat0_fold0_sample0,leave_one_seed_reference,sensitivity_full,a92ccbb8368a,a92ccbb8368a,27180951904,1,IEEE Access Bayesian-FPDE sensitivity,refs/heads/main,a4b1906abee769cab2e501f7d241de34d65e5696,618cca24a2bf,618cca24a2bf,4d0ae439163b,2026-06-09T03:13:54+00:00,a4b1906abee769cab2e501f7d241de34d65e5696,ok,,full_grid,500,0.5,1.0,0.04770760378745488,0.18578213976098967,0.39999999999999997,0.39999999999999997,0.7155555555555555,1.0,0.0,1.0,1.0,2.380650863000028,10,9,4,0.8,higher_is_better,-0.1926449870112696,1.0,0.17814881602340182,0.012088376004304938,1.0
bayesian_hyb_fpde,blood-transfusion-service-center,10101,5,openml_repeat0_fold0_sample0,leave_one_seed_reference,sensitivity_full,a92ccbb8368a,a92ccbb8368a,27180951904,1,IEEE Access Bayesian-FPDE sensitivity,refs/heads/main,a4b1906abee769cab2e501f7d241de34d65e5696,618cca24a2bf,618cca24a2bf,b486ab6f31bb,2026-06-09T03:13:54+00:00,a4b1906abee769cab2e501f7d241de34d65e5696,ok,,full_grid,500,0.5,1.0,0.046683290453916365,0.1811861307308561,-0.19999999999999998,-0.19999999999999998,0.7155555555555555,1.0,0.0,1.0,1.0,2.371324824000226,10,9,4,0.8,higher_is_better,-0.23003462088651444,1.0,0.17241046930767134,0.005150573859297552,1.0
bayesian_hyb_fpde,blood-transfusion-service-center,10101,6,openml_repeat0_fold0_sample0,leave_one_seed_reference,sensitivity_full,a92ccbb8368a,a92ccbb8368a,27180951904,1,IEEE Access Bayesian-FPDE sensitivity,refs/heads/main,a4b1906abee769cab2e501f7d241de34d65e5696,618cca24a2bf,618cca24a2bf,b19d52f37b83,2026-06-09T03:13:54+00:00,a4b1906abee769cab2e501f7d241de34d65e5696,ok,,full_grid,500,0.5,1.0,0.0481753363010852,0.18725346458947567,-0.7999999999999999,-0.7999999999999999,0.7155555555555555,1.0,0.0,1.0,1.0,2.3982417649995114,10,9,4,0.8,higher_is_better,-0.9853221213113308,1.0,0.18984267624342166,0.010424892329354254,1.0
bayesian_hyb_fpde,blood-transfusion-service-center,10101,7,openml_repeat0_fold0_sample0,leave_one_seed_reference,sensitivity_full,a92ccbb8368a,a92ccbb8368a,27180951904,1,IEEE Access Bayesian-FPDE sensitivity,refs/heads/main,a4b1906abee769cab2e501f7d241de34d65e5696,618cca24a2bf,618cca24a2bf,1778aee6f1a9,2026-06-09T03:13:54+00:00,a4b1906abee769cab2e501f7d241de34d65e5696,ok,,full_grid,500,0.5,1.0,0.048065266890843006,0.18661153744306289,0.39999999999999997,0.39999999999999997,0.7155555555555555,1.0,0.0,1.0,1.0,2.3725414300002967,10,9,4,0.8,higher_is_better,0.4316904802640767,1.0,0.1899406879940071,0.006800876015150168,1.0
bayesian_hyb_fpde,blood-transfusion-service-center,10101,8,openml_repeat0_fold0_sample0,leave_one_seed_reference,sensitivity_full,a92ccbb8368a,a92ccbb8368a,27180951904,1,IEEE Access Bayesian-FPDE sensitivity,refs/heads/main,a4b1906abee769cab2e501f7d241de34d65e5696,618cca24a2bf,618cca24a2bf,659a7116f450,2026-06-09T03:13:54+00:00,a4b1906abee769cab2e501f7d241de34d65e5696,ok,,full_grid,500,0.5,1.0,0.04814448509574269,0.18652748167867783,-0.39999999999999997,-0.19999999999999998,0.7155555555555555,1.0,0.0,1.0,1.0,2.352361952000251,10,9,4,0.8,higher_is_better,-0.7185025039419244,1.0,0.1849733616059494,0.004916876487795482,1.0
bayesian_hyb_fpde,blood-transfusion-service-center,10101,9,openml_repeat0_fold0_sample0,leave_one_seed_reference,sensitivity_full,a92ccbb8368a,a92ccbb8368a,27180951904,1,IEEE Access Bayesian-FPDE sensitivity,refs/heads/main,a4b1906abee769cab2e501f7d241de34d65e5696,618cca24a2bf,618cca24a2bf,17efd4ccb5ad,2026-06-09T03:13:54+00:00,a4b1906abee769cab2e501f7d241de34d65e5696,ok,,full_grid,500,0.5,1.0,0.04800873625760847,0.18611060242432936,-0.19999999999999998,-0.19999999999999998,0.7155555555555555,1.0,0.0,1.0,1.0,2.3627981350006166,10,9,4,0.8,higher_is_better,-0.5376892885462166,1.0,0.18277025173376982,0.01658849621236664,1.0
bayesian_hyb_fpde,credit-g,31,0,openml_repeat0_fold0_sample0,leave_one_seed_reference,sensitivity_full,a92ccbb8368a,a92ccbb8368a,27180951904,1,IEEE Access Bayesian-FPDE sensitivity,refs/heads/main,a4b1906abee769cab2e501f7d241de34d65e5696,618cca24a2bf,618cca24a2bf,0c63daf1cf50,2026-06-09T03:13:54+00:00,a4b1906abee769cab2e501f7d241de34d65e5696,ok,,full_grid,500,0.5,1.0,0.008886866081041825,0.034549838305962095,0.5213643574828133,0.5191961924907456,0.8316258299547562,0.6867724867724868,0.0,1.0,1.0,3.266561246000009,10,9,61,0.8,higher_is_better,0.47229436025111665,0.8048780487804879,0.02380541327930953,0.0029679772006126312,0.6666666666666666
bayesian_hyb_fpde,credit-g,31,1,openml_repeat0_fold0_sample0,leave_one_seed_reference,sensitivity_full,a92ccbb8368a,a92ccbb8368a,27180951904,1,IEEE Access Bayesian-FPDE sensitivity,refs/heads/main,a4b1906abee769cab2e501f7d241de34d65e5696,618cca24a2bf,618cca24a2bf,89ed72a805e9,2026-06-09T03:13:54+00:00,a4b1906abee769cab2e501f7d241de34d65e5696,ok,,full_grid,500,0.5,1.0,0.008928562450352126,0.03471970990905427,0.6632469592808037,0.6623479640401903,0.8316258299547562,0.6867724867724868,0.0,1.0,1.0,3.271377235000017,10,9,61,0.8,higher_is_better,0.6402386862355721,0.8292682926829268,0.022756733630123552,0.00181265872999449,0.6666666666666666
bayesian_hyb_fpde,credit-g,31,2,openml_repeat0_fold0_sample0,leave_one_seed_reference,sensitivity_full,a92ccbb8368a,a92ccbb8368a,27180951904,1,IEEE Access Bayesian-FPDE sensitivity,refs/heads/main,a4b1906abee769cab2e501f7d241de34d65e5696,618cca24a2bf,618cca24a2bf,5de8b847cb53,2026-06-09T03:13:54+00:00,a4b1906abee769cab2e501f7d241de34d65e5696,ok,,full_grid,500,0.5,1.0,0.008686904818819318,0.03377930710935351,0.5079851930195664,0.5082496033844527,0.8316258299547562,0.6867724867724868,0.0,1.0,1.0,3.2702202000002103,10,9,61,0.8,higher_is_better,0.5716617727146952,0.8292682926829268,0.02006463272836061,0.0024306048808560143,0.6666666666666666
bayesian_hyb_fpde,credit-g,31,3,openml_repeat0_fold0_sample0,leave_one_seed_reference,sensitivity_full,a92ccbb8368a,a92ccbb8368a,27180951904,1,IEEE Access Bayesian-FPDE sensitivity,refs/heads/main,a4b1906abee769cab2e501f7d241de34d65e5696,618cca24a2bf,618cca24a2bf,547a0895c085,2026-06-09T03:13:54+00:00,a4b1906abee769cab2e501f7d241de34d65e5696,ok,,full_grid,500,0.5,0.9836065573770492,0.008907902678987528,0.034592501425810315,0.6012162876784769,0.5987837123215229,0.8316258299547562,0.6867724867724868,0.0,1.0,1.0,3.277076058000148,10,9,61,0.8,higher_is_better,0.4585471927693946,0.8048780487804879,0.02133874428732498,0.0017146494900681494,1.0
bayesian_hyb_fpde,credit-g,31,4,openml_repeat0_fold0_sample0,leave_one_seed_reference,sensitivity_full,a92ccbb8368a,a92ccbb8368a,27180951904,1,IEEE Access Bayesian-FPDE sensitivity,refs/heads/main,a4b1906abee769cab2e501f7d241de34d65e5696,618cca24a2bf,618cca24a2bf,11d09dd7c814,2026-06-09T03:13:54+00:00,a4b1906abee769cab2e501f7d241de34d65e5696,ok,,full_grid,500,0.5,1.0,0.008820867669094597,0.03425909040905633,0.7260708619777895,0.7259122157588577,0.8316258299547562,0.6867724867724868,0.0,1.0,1.0,3.2645203779998155,10,9,61,0.8,higher_is_better,0.4856400727008428,0.9512195121951219,0.020714192182283722,0.0018031885699603483,0.6666666666666666
bayesian_hyb_fpde,credit-g,31,5,openml_repeat0_fold0_sample0,leave_one_seed_reference,sensitivity_full,a92ccbb8368a,a92ccbb8368a,27180951904,1,IEEE Access Bayesian-FPDE sensitivity,refs/heads/main,a4b1906abee769cab2e501f7d241de34d65e5696,618cca24a2bf,618cca24a2bf,5fd684053071,2026-06-09T03:13:54+00:00,a4b1906abee769cab2e501f7d241de34d65e5696,ok,,full_grid,500,0.5,1.0,0.008749539309625529,0.034011205945264696,0.651136964569011,0.6509254362771021,0.8316258299547562,0.6867724867724868,0.0,1.0,1.0,3.24380432199996,10,9,61,0.8,higher_is_better,0.6519430573380689,0.7804878048780488,0.021170287454335437,0.0021202539567942392,1.0
bayesian_hyb_fpde,credit-g,31,6,openml_repeat0_fold0_sample0,leave_one_seed_reference,sensitivity_full,a92ccbb8368a,a92ccbb8368a,27180951904,1,IEEE Access Bayesian-FPDE sensitivity,refs/heads/main,a4b1906abee769cab2e501f7d241de34d65e5696,618cca24a2bf,618cca24a2bf,259a828b3f08,2026-06-09T03:13:54+00:00,a4b1906abee769cab2e501f7d241de34d65e5696,ok,,full_grid,500,0.5,1.0,0.008900272468763449,0.03459528955749518,0.6052353252247488,0.6057641459545213,0.8316258299547562,0.6867724867724868,0.0,1.0,1.0,3.2782129570003917,10,9,61,0.8,higher_is_better,0.55487268911586,0.8292682926829268,0.02015848002029256,0.0016820680658371997,0.6666666666666666
bayesian_hyb_fpde,credit-g,31,7,openml_repeat0_fold0_sample0,leave_one_seed_reference,sensitivity_full,a92ccbb8368a,a92ccbb8368a,27180951904,1,IEEE Access Bayesian-FPDE sensitivity,refs/heads/main,a4b1906abee769cab2e501f7d241de34d65e5696,618cca24a2bf,618cca24a2bf,d2cb0c7d0e55,2026-06-09T03:13:54+00:00,a4b1906abee769cab2e501f7d241de34d65e5696,ok,,full_grid,500,0.5,1.0,0.008799375506772577,0.03414425659706251,0.5408249603384452,0.5374933897408778,0.8316258299547562,0.6867724867724868,0.0,1.0,1.0,3.2567587210002102,10,9,61,0.8,higher_is_better,0.46188959164532756,0.8292682926829268,0.020080728134416716,0.0015075092218541227,0.6666666666666666
bayesian_hyb_fpde,credit-g,31,8,openml_repeat0_fold0_sample0,leave_one_seed_reference,sensitivity_full,a92ccbb8368a,a92ccbb8368a,27180951904,1,IEEE Access Bayesian-FPDE sensitivity,refs/heads/main,a4b1906abee769cab2e501f7d241de34d65e5696,618cca24a2bf,618cca24a2bf,cae4fd44e89c,2026-06-09T03:13:54+00:00,a4b1906abee769cab2e501f7d241de34d65e5696,ok,,full_grid,500,0.5,0.9836065573770492,0.008883531196562973,0.034509787929055895,0.6664198836594394,0.6675304071919618,0.8316258299547562,0.6867724867724868,0.0,1.0,1.0,3.271619221000492,10,9,61,0.8,higher_is_better,0.42659119057857653,0.9024390243902439,0.021713731268649696,0.0021521968206297155,0.6666666666666666
bayesian_hyb_fpde,credit-g,31,9,openml_repeat0_fold0_sample0,leave_one_seed_reference,sensitivity_full,a92ccbb8368a,a92ccbb8368a,27180951904,1,IEEE Access Bayesian-FPDE sensitivity,refs/heads/main,a4b1906abee769cab2e501f7d241de34d65e5696,618cca24a2bf,618cca24a2bf,3d5fd9cfe398,2026-06-09T03:13:54+00:00,a4b1906abee769cab2e501f7d241de34d65e5696,ok,,full_grid,500,0.5,0.9836065573770492,0.00887132230663892,0.03447939779922136,0.7030142781597039,0.700423056583818,0.8316258299547562,0.6867724867724868,0.0,1.0,1.0,3.263660390000041,10,9,61,0.8,higher_is_better,0.5425794614353815,0.7560975609756098,0.022375256986436436,0.002311005593250982,1.0
bayesian_hyb_fpde,diabetes,37,0,openml_repeat0_fold0_sample0,leave_one_seed_reference,sensitivity_full,a92ccbb8368a,a92ccbb8368a,27180951904,1,IEEE Access Bayesian-FPDE sensitivity,refs/heads/main,a4b1906abee769cab2e501f7d241de34d65e5696,618cca24a2bf,618cca24a2bf,1924f504837e,2026-06-09T03:13:54+00:00,a4b1906abee769cab2e501f7d241de34d65e5696,ok,,full_grid,500,0.5,1.0,0.037738887189478154,0.14667255880119895,-0.2142857142857143,-0.2142857142857143,0.965079365079365,1.0,0.0,1.0,1.0,2.4449929029999,10,9,8,0.8,higher_is_better,-0.14716163495581344,1.0,0.14800452034448136,0.007097716003190099,1.0
bayesian_hyb_fpde,diabetes,37,1,openml_repeat0_fold0_sample0,leave_one_seed_reference,sensitivity_full,a92ccbb8368a,a92ccbb8368a,27180951904,1,IEEE Access Bayesian-FPDE sensitivity,refs/heads/main,a4b1906abee769cab2e501f7d241de34d65e5696,618cca24a2bf,618cca24a2bf,5fb032d2df1a,2026-06-09T03:13:54+00:00,a4b1906abee769cab2e501f7d241de34d65e5696,ok,,full_grid,500,0.5,1.0,0.03886007902449226,0.15075799408788867,0.19047619047619052,0.19047619047619052,0.965079365079365,1.0,0.0,1.0,1.0,2.465238996999801,10,9,8,0.8,higher_is_better,0.24835208540734324,1.0,0.1539693342920577,0.014396475233489203,1.0
bayesian_hyb_fpde,diabetes,37,2,openml_repeat0_fold0_sample0,leave_one_seed_reference,sensitivity_full,a92ccbb8368a,a92ccbb8368a,27180951904,1,IEEE Access Bayesian-FPDE sensitivity,refs/heads/main,a4b1906abee769cab2e501f7d241de34d65e5696,618cca24a2bf,618cca24a2bf,be31acf09cfc,2026-06-09T03:13:54+00:00,a4b1906abee769cab2e501f7d241de34d65e5696,ok,,full_grid,500,0.5,1.0,0.03891774003644764,0.15126581211176743,-0.1666666666666667,-0.1666666666666667,0.965079365079365,1.0,0.0,1.0,1.0,2.4668156680001516,10,9,8,0.8,higher_is_better,0.20018468692600172,0.875,0.15596434702603812,0.014629947347390853,1.0
bayesian_hyb_fpde,diabetes,37,3,openml_repeat0_fold0_sample0,leave_one_seed_reference,sensitivity_full,a92ccbb8368a,a92ccbb8368a,27180951904,1,IEEE Access Bayesian-FPDE sensitivity,refs/heads/main,a4b1906abee769cab2e501f7d241de34d65e5696,618cca24a2bf,618cca24a2bf,536e080d2908,2026-06-09T03:13:54+00:00,a4b1906abee769cab2e501f7d241de34d65e5696,ok,,full_grid,500,0.5,1.0,0.037510025154223026,0.145646217726706,0.19047619047619052,0.14285714285714288,0.965079365079365,1.0,0.0,1.0,1.0,2.473175760000231,10,9,8,0.8,higher_is_better,0.26609090524750256,1.0,0.1523122147943105,0.01160346138920856,1.0
bayesian_hyb_fpde,diabetes,37,4,openml_repeat0_fold0_sample0,leave_one_seed_reference,sensitivity_full,a92ccbb8368a,a92ccbb8368a,27180951904,1,IEEE Access Bayesian-FPDE sensitivity,refs/heads/main,a4b1906abee769cab2e501f7d241de34d65e5696,618cca24a2bf,618cca24a2bf,853ca1510eb0,2026-06-09T03:13:54+00:00,a4b1906abee769cab2e501f7d241de34d65e5696,ok,,full_grid,500,0.5,1.0,0.03829363245677027,0.1486915363932951,-0.19047619047619052,-0.3571428571428572,0.965079365079365,1.0,0.0,1.0,1.0,2.455913717000044,10,9,8,0.8,higher_is_better,-0.2827089813092895,1.0,0.15191359256701445,0.009682586764935535,1.0
bayesian_hyb_fpde,diabetes,37,5,openml_repeat0_fold0_sample0,leave_one_seed_reference,sensitivity_full,a92ccbb8368a,a92ccbb8368a,27180951904,1,IEEE Access Bayesian-FPDE sensitivity,refs/heads/main,a4b1906abee769cab2e501f7d241de34d65e5696,618cca24a2bf,618cca24a2bf,44fa83ca42c3,2026-06-09T03:13:54+00:00,a4b1906abee769cab2e501f7d241de34d65e5696,ok,,full_grid,500,0.5,1.0,0.03782796199214908,0.14712623717232212,-0.28571428571428575,-0.28571428571428575,0.965079365079365,1.0,0.0,1.0,1.0,2.4714283760001763,10,9,8,0.8,higher_is_better,-0.19137875005017177,1.0,0.15090523879321763,0.00859760310221727,1.0
bayesian_hyb_fpde,diabetes,37,6,openml_repeat0_fold0_sample0,leave_one_seed_reference,sensitivity_full,a92ccbb8368a,a92ccbb8368a,27180951904,1,IEEE Access Bayesian-FPDE sensitivity,refs/heads/main,a4b1906abee769cab2e501f7d241de34d65e5696,618cca24a2bf,618cca24a2bf,5230ba9c71f8,2026-06-09T03:13:54+00:00,a4b1906abee769cab2e501f7d241de34d65e5696,ok,,full_grid,500,0.5,1.0,0.03795754300044376,0.14783893769986117,-0.19047619047619052,-0.19047619047619052,0.965079365079365,1.0,0.0,1.0,1.0,2.45906384299974,10,9,8,0.8,higher_is_better,-0.15708651133547974,1.0,0.14705288326299762,0.008918209365073985,1.0
bayesian_hyb_fpde,diabetes,37,7,openml_repeat0_fold0_sample0,leave_one_seed_reference,sensitivity_full,a92ccbb8368a,a92ccbb8368a,27180951904,1,IEEE Access Bayesian-FPDE sensitivity,refs/heads/main,a4b1906abee769cab2e501f7d241de34d65e5696,618cca24a2bf,618cca24a2bf,41dfce54e272,2026-06-09T03:13:54+00:00,a4b1906abee769cab2e501f7d241de34d65e5696,ok,,full_grid,500,0.5,1.0,0.03912652062738799,0.15220943023547104,-0.04761904761904763,-0.04761904761904763,0.965079365079365,1.0,0.0,1.0,1.0,2.4545201779995978,10,9,8,0.8,higher_is_better,0.08510507967188004,1.0,0.15599149831415798,0.01928775011694348,1.0
bayesian_hyb_fpde,diabetes,37,8,openml_repeat0_fold0_sample0,leave_one_seed_reference,sensitivity_full,a92ccbb8368a,a92ccbb8368a,27180951904,1,IEEE Access Bayesian-FPDE sensitivity,refs/heads/main,a4b1906abee769cab2e501f7d241de34d65e5696,618cca24a2bf,618cca24a2bf,b8de57d11f60,2026-06-09T03:13:54+00:00,a4b1906abee769cab2e501f7d241de34d65e5696,ok,,full_grid,500,0.5,1.0,0.03759631462898701,0.14631042032196434,-0.8571428571428572,-0.8571428571428572,0.965079365079365,1.0,0.0,1.0,1.0,2.4591748759994516,10,9,8,0.8,higher_is_better,-0.8474345479963342,0.875,0.14863632061615895,0.005123560578576186,1.0
bayesian_hyb_fpde,diabetes,37,9,openml_repeat0_fold0_sample0,leave_one_seed_reference,sensitivity_full,a92ccbb8368a,a92ccbb8368a,27180951904,1,IEEE Access Bayesian-FPDE sensitivity,refs/heads/main,a4b1906abee769cab2e501f7d241de34d65e5696,618cca24a2bf,618cca24a2bf,47de47bddb57,2026-06-09T03:13:54+00:00,a4b1906abee769cab2e501f7d241de34d65e5696,ok,,full_grid,500,0.5,1.0,0.03805505821048789,0.14809014297742545,-0.09523809523809526,-0.09523809523809526,0.965079365079365,1.0,0.0,1.0,1.0,2.4488950290000275,10,9,8,0.8,higher_is_better,-0.12491469030527064,0.875,0.15250969028682748,0.015123735019130901,1.0
bayesian_hyb_fpde,wdbc,9946,0,openml_repeat0_fold0_sample0,leave_one_seed_reference,sensitivity_full,a92ccbb8368a,a92ccbb8368a,27180951904,1,IEEE Access Bayesian-FPDE sensitivity,refs/heads/main,a4b1906abee769cab2e501f7d241de34d65e5696,618cca24a2bf,618cca24a2bf,57d0e5349457,2026-06-09T03:13:54+00:00,a4b1906abee769cab2e501f7d241de34d65e5696,ok,,full_grid,500,0.5,1.0,0.03193897552736438,0.12406552462543198,-0.2832035595105673,-0.2876529477196885,0.9896378692374241,0.7925925925925924,0.0,1.0,1.0,2.785215728000111,10,9,30,0.8,higher_is_better,-0.24708461423636982,1.0,0.12420867293762546,0.008255475446475155,0.6666666666666666
bayesian_hyb_fpde,wdbc,9946,1,openml_repeat0_fold0_sample0,leave_one_seed_reference,sensitivity_full,a92ccbb8368a,a92ccbb8368a,27180951904,1,IEEE Access Bayesian-FPDE sensitivity,refs/heads/main,a4b1906abee769cab2e501f7d241de34d65e5696,618cca24a2bf,618cca24a2bf,602c24530845,2026-06-09T03:13:54+00:00,a4b1906abee769cab2e501f7d241de34d65e5696,ok,,full_grid,500,0.5,1.0,0.03172424103179541,0.12327239580697077,-0.20845383759733035,-0.1439377085650723,0.9896378692374241,0.7925925925925924,0.0,1.0,1.0,2.7836342199998967,10,9,30,0.8,higher_is_better,-0.11105997173002452,0.9629629629629629,0.1258626058284431,0.01404894759564781,0.6666666666666666
bayesian_hyb_fpde,wdbc,9946,2,openml_repeat0_fold0_sample0,leave_one_seed_reference,sensitivity_full,a92ccbb8368a,a92ccbb8368a,27180951904,1,IEEE Access Bayesian-FPDE sensitivity,refs/heads/main,a4b1906abee769cab2e501f7d241de34d65e5696,618cca24a2bf,618cca24a2bf,de76b5070b61,2026-06-09T03:13:54+00:00,a4b1906abee769cab2e501f7d241de34d65e5696,ok,,full_grid,500,0.5,1.0,0.03179021023908404,0.12353219406665732,-0.2649610678531702,-0.26184649610678534,0.9896378692374241,0.7925925925925924,0.0,1.0,1.0,2.8011389609998787,10,9,30,0.8,higher_is_better,-0.2290469825723016,1.0,0.12124401997184978,0.007437664432531418,0.6666666666666666
bayesian_hyb_fpde,wdbc,9946,3,openml_repeat0_fold0_sample0,leave_one_seed_reference,sensitivity_full,a92ccbb8368a,a92ccbb8368a,27180951904,1,IEEE Access Bayesian-FPDE sensitivity,refs/heads/main,a4b1906abee769cab2e501f7d241de34d65e5696,618cca24a2bf,618cca24a2bf,38b1a308e492,2026-06-09T03:13:54+00:00,a4b1906abee769cab2e501f7d241de34d65e5696,ok,,full_grid,500,0.5,1.0,0.031347666746287466,0.12173515539335097,-0.553281423804227,-0.5483870967741935,0.9896378692374241,0.7925925925925924,0.0,1.0,1.0,2.803908477999755,10,9,30,0.8,higher_is_better,-0.5638369675452489,1.0,0.11993264741122611,0.015993647187008735,0.6666666666666666
bayesian_hyb_fpde,wdbc,9946,4,openml_repeat0_fold0_sample0,leave_one_seed_reference,sensitivity_full,a92ccbb8368a,a92ccbb8368a,27180951904,1,IEEE Access Bayesian-FPDE sensitivity,refs/heads/main,a4b1906abee769cab2e501f7d241de34d65e5696,618cca24a2bf,618cca24a2bf,bc10f20bd1e2,2026-06-09T03:13:54+00:00,a4b1906abee769cab2e501f7d241de34d65e5696,ok,,full_grid,500,0.5,1.0,0.0322728948421805,0.1254124170621757,-0.5328142380422692,-0.5368186874304783,0.9896378692374241,0.7925925925925924,0.0,1.0,1.0,2.8106523849997984,10,9,30,0.8,higher_is_better,-0.43119507207260355,1.0,0.12322100137904848,0.009916413454870595,0.6666666666666666
bayesian_hyb_fpde,wdbc,9946,5,openml_repeat0_fold0_sample0,leave_one_seed_reference,sensitivity_full,a92ccbb8368a,a92ccbb8368a,27180951904,1,IEEE Access Bayesian-FPDE sensitivity,refs/heads/main,a4b1906abee769cab2e501f7d241de34d65e5696,618cca24a2bf,618cca24a2bf,872f3b616e2a,2026-06-09T03:13:54+00:00,a4b1906abee769cab2e501f7d241de34d65e5696,ok,,full_grid,500,0.5,0.9,0.03140765135652991,0.121971279547282,-0.5688542825361512,-0.5661846496106785,0.9896378692374241,0.7925925925925924,0.0,1.0,1.0,2.826486483999929,10,9,30,0.8,higher_is_better,-0.6074324053335255,1.0,0.1208814182369948,0.019093832422282006,0.6666666666666666
bayesian_hyb_fpde,wdbc,9946,6,openml_repeat0_fold0_sample0,leave_one_seed_reference,sensitivity_full,a92ccbb8368a,a92ccbb8368a,27180951904,1,IEEE Access Bayesian-FPDE sensitivity,refs/heads/main,a4b1906abee769cab2e501f7d241de34d65e5696,618cca24a2bf,618cca24a2bf,0cc675dc5b31,2026-06-09T03:13:54+00:00,a4b1906abee769cab2e501f7d241de34d65e5696,ok,,full_grid,500,0.5,1.0,0.03242212116482694,0.12588513335614113,-0.3793103448275862,-0.3899888765294772,0.9896378692374241,0.7925925925925924,0.0,1.0,1.0,2.79876008299982,10,9,30,0.8,higher_is_better,-0.37083351019748056,1.0,0.12413989430257824,0.016221841512660453,1.0
bayesian_hyb_fpde,wdbc,9946,7,openml_repeat0_fold0_sample0,leave_one_seed_reference,sensitivity_full,a92ccbb8368a,a92ccbb8368a,27180951904,1,IEEE Access Bayesian-FPDE sensitivity,refs/heads/main,a4b1906abee769cab2e501f7d241de34d65e5696,618cca24a2bf,618cca24a2bf,1a79910d31a6,2026-06-09T03:13:54+00:00,a4b1906abee769cab2e501f7d241de34d65e5696,ok,,full_grid,500,0.5,0.9666666666666667,0.031799865636312354,0.12333547377095984,-0.16307007786429364,-0.1621802002224694,0.9896378692374241,0.7925925925925924,0.0,1.0,1.0,2.8032706600004076,10,9,30,0.8,higher_is_better,-0.10032848268809852,0.9629629629629629,0.12104852339361909,0.018552145948303293,0.6666666666666666
bayesian_hyb_fpde,wdbc,9946,8,openml_repeat0_fold0_sample0,leave_one_seed_reference,sensitivity_full,a92ccbb8368a,a92ccbb8368a,27180951904,1,IEEE Access Bayesian-FPDE sensitivity,refs/heads/main,a4b1906abee769cab2e501f7d241de34d65e5696,618cca24a2bf,618cca24a2bf,8153b51fa16e,2026-06-09T03:13:54+00:00,a4b1906abee769cab2e501f7d241de34d65e5696,ok,,full_grid,500,0.5,0.9333333333333333,0.03058784794798284,0.11881194283484954,-0.29699666295884314,-0.3050055617352614,0.9896378692374241,0.7925925925925924,0.0,1.0,1.0,2.8048844719995714,10,9,30,0.8,higher_is_better,-0.24744944578964706,1.0,0.11934036060508468,0.017999171824770396,0.6666666666666666
bayesian_hyb_fpde,wdbc,9946,9,openml_repeat0_fold0_sample0,leave_one_seed_reference,sensitivity_full,a92ccbb8368a,a92ccbb8368a,27180951904,1,IEEE Access Bayesian-FPDE sensitivity,refs/heads/main,a4b1906abee769cab2e501f7d241de34d65e5696,618cca24a2bf,618cca24a2bf,3732d38acd29,2026-06-09T03:13:54+00:00,a4b1906abee769cab2e501f7d241de34d65e5696,ok,,full_grid,500,0.5,1.0,0.032605087602425996,0.12656234924056387,-0.3619577308120133,-0.35795328142380417,0.9896378692374241,0.7925925925925924,0.0,1.0,1.0,2.787808155000107,10,9,30,0.8,higher_is_better,-0.2997826889385548,1.0,0.12552048855434067,0.013009073960572454,1.0
bayesian_hyb_fpde,banknote-authentication,10093,0,openml_repeat0_fold0_sample0,leave_one_seed_reference,sensitivity_full,a92ccbb8368a,a92ccbb8368a,27180951904,1,IEEE Access Bayesian-FPDE sensitivity,refs/heads/main,a4b1906abee769cab2e501f7d241de34d65e5696,618cca24a2bf,618cca24a2bf,638b894718f9,2026-06-09T03:13:55+00:00,a4b1906abee769cab2e501f7d241de34d65e5696,ok,,full_grid,500,0.75,0.75,0.03298792853412033,0.12839218395387864,-0.19999999999999998,-0.19999999999999998,1.0,1.0,0.09592843155539144,1.0,1.0,2.3767068779997658,10,9,4,0.8,higher_is_better,-0.19602235382363847,1.0,0.12312445232407788,0.037189212534656825,1.0
bayesian_hyb_fpde,banknote-authentication,10093,1,openml_repeat0_fold0_sample0,leave_one_seed_reference,sensitivity_full,a92ccbb8368a,a92ccbb8368a,27180951904,1,IEEE Access Bayesian-FPDE sensitivity,refs/heads/main,a4b1906abee769cab2e501f7d241de34d65e5696,618cca24a2bf,618cca24a2bf,927f3a8b2752,2026-06-09T03:13:55+00:00,a4b1906abee769cab2e501f7d241de34d65e5696,ok,,full_grid,500,0.75,0.75,0.03818643643977816,0.1487529652732032,-0.39999999999999997,-0.7999999999999999,1.0,1.0,0.11923097112025415,1.0,1.0,2.389859994000119,10,9,4,0.8,higher_is_better,-0.9262268995794299,0.75,0.1613199707883778,0.053246084797727536,1.0
bayesian_hyb_fpde,banknote-authentication,10093,2,openml_repeat0_fold0_sample0,leave_one_seed_reference,sensitivity_full,a92ccbb8368a,a92ccbb8368a,27180951904,1,IEEE Access Bayesian-FPDE sensitivity,refs/heads/main,a4b1906abee769cab2e501f7d241de34d65e5696,618cca24a2bf,618cca24a2bf,7ecd015c1e26,2026-06-09T03:13:55+00:00,a4b1906abee769cab2e501f7d241de34d65e5696,ok,,full_grid,500,0.75,0.75,0.03494559477538186,0.13577522106621534,-0.39999999999999997,-0.39999999999999997,1.0,1.0,0.11101044696752825,1.0,1.0,2.38110866400001,10,9,4,0.8,higher_is_better,-0.8744421411080401,1.0,0.14787010339301654,0.042174170402944654,1.0
bayesian_hyb_fpde,banknote-authentication,10093,3,openml_repeat0_fold0_sample0,leave_one_seed_reference,sensitivity_full,a92ccbb8368a,a92ccbb8368a,27180951904,1,IEEE Access Bayesian-FPDE sensitivity,refs/heads/main,a4b1906abee769cab2e501f7d241de34d65e5696,618cca24a2bf,618cca24a2bf,e8c645244a4e,2026-06-09T03:13:55+00:00,a4b1906abee769cab2e501f7d241de34d65e5696,ok,,full_grid,500,0.75,0.5,0.037594063693203464,0.14638783866981323,-0.7999999999999999,-0.39999999999999997,1.0,1.0,0.10552576214200704,1.0,1.0,2.3820389709998153,10,9,4,0.8,higher_is_better,-0.11999227280131847,1.0,0.154415507703437,0.0676577795897157,1.0
bayesian_hyb_fpde,banknote-authentication,10093,4,openml_repeat0_fold0_sample0,leave_one_seed_reference,sensitivity_full,a92ccbb8368a,a92ccbb8368a,27180951904,1,IEEE Access Bayesian-FPDE sensitivity,refs/heads/main,a4b1906abee769cab2e501f7d241de34d65e5696,618cca24a2bf,618cca24a2bf,d1edaaa3b257,2026-06-09T03:13:55+00:00,a4b1906abee769cab2e501f7d241de34d65e5696,ok,,full_grid,500,0.75,0.75,0.03170713727156846,0.12343944361237777,-0.7999999999999999,-0.7999999999999999,1.0,1.0,0.07716088471457845,1.0,1.0,2.370105819999594,10,9,4,0.8,higher_is_better,-0.9925351011522086,1.0,0.13791379527760855,0.05718622326277802,1.0
bayesian_hyb_fpde,banknote-authentication,10093,5,openml_repeat0_fold0_sample0,leave_one_seed_reference,sensitivity_full,a92ccbb8368a,a92ccbb8368a,27180951904,1,IEEE Access Bayesian-FPDE sensitivity,refs/heads/main,a4b1906abee769cab2e501f7d241de34d65e5696,618cca24a2bf,618cca24a2bf,b475c46f16b8,2026-06-09T03:13:55+00:00,a4b1906abee769cab2e501f7d241de34d65e5696,ok,,full_grid,500,0.75,0.75,0.0417870272145603,0.1628010331552695,-0.7999999999999999,-0.7999999999999999,1.0,1.0,0.12126143601130461,1.0,1.0,2.386124660999485,10,9,4,0.8,higher_is_better,-0.9441656628845244,1.0,0.17586178655726917,0.0437966316974739,1.0
bayesian_hyb_fpde,banknote-authentication,10093,6,openml_repeat0_fold0_sample0,leave_one_seed_reference,sensitivity_full,a92ccbb8368a,a92ccbb8368a,27180951904,1,IEEE Access Bayesian-FPDE sensitivity,refs/heads/main,a4b1906abee769cab2e501f7d241de34d65e5696,618cca24a2bf,618cca24a2bf,7b252e831265,2026-06-09T03:13:55+00:00,a4b1906abee769cab2e501f7d241de34d65e5696,ok,,full_grid,500,0.75,1.0,0.037281689073129724,0.14516032639398235,-0.7999999999999999,-0.7999999999999999,1.0,1.0,0.1075302809098323,1.0,1.0,2.381208255000274,10,9,4,0.8,higher_is_better,-0.9021006180368144,1.0,0.1464545626797506,0.00996135591122664,1.0
bayesian_hyb_fpde,banknote-authentication,10093,7,openml_repeat0_fold0_sample0,leave_one_seed_reference,sensitivity_full,a92ccbb8368a,a92ccbb8368a,27180951904,1,IEEE Access Bayesian-FPDE sensitivity,refs/heads/main,a4b1906abee769cab2e501f7d241de34d65e5696,618cca24a2bf,618cca24a2bf,42f5972bf8fc,2026-06-09T03:13:55+00:00,a4b1906abee769cab2e501f7d241de34d65e5696,ok,,full_grid,500,0.75,0.75,0.03488106922333125,0.135710566937878,-0.7999999999999999,-0.7999999999999999,1.0,1.0,0.08199571388297942,1.0,1.0,2.3795567269997946,10,9,4,0.8,higher_is_better,-0.9084216910649641,1.0,0.13655556912686,0.06996646745329418,1.0
bayesian_hyb_fpde,banknote-authentication,10093,8,openml_repeat0_fold0_sample0,leave_one_seed_reference,sensitivity_full,a92ccbb8368a,a92ccbb8368a,27180951904,1,IEEE Access Bayesian-FPDE sensitivity,refs/heads/main,a4b1906abee769cab2e501f7d241de34d65e5696,618cca24a2bf,618cca24a2bf,e52e4805f93e,2026-06-09T03:13:55+00:00,a4b1906abee769cab2e501f7d241de34d65e5696,ok,,full_grid,500,0.75,0.75,0.03487188195813625,0.13584404948171305,-0.39999999999999997,-0.39999999999999997,1.0,1.0,0.09227998216549956,1.0,1.0,2.3626387510001905,10,9,4,0.8,higher_is_better,-0.2903860649669613,1.0,0.1369278612011997,0.03941415725638019,1.0
bayesian_hyb_fpde,banknote-authentication,10093,9,openml_repeat0_fold0_sample0,leave_one_seed_reference,sensitivity_full,a92ccbb8368a,a92ccbb8368a,27180951904,1,IEEE Access Bayesian-FPDE sensitivity,refs/heads/main,a4b1906abee769cab2e501f7d241de34d65e5696,618cca24a2bf,618cca24a2bf,731fe1c4c4c2,2026-06-09T03:13:55+00:00,a4b1906abee769cab2e501f7d241de34d65e5696,ok,,full_grid,500,0.75,1.0,0.03399108623288377,0.13221658586035337,-0.7999999999999999,-0.7999999999999999,1.0,1.0,0.09961652635903197,1.0,1.0,2.3572931469998366,10,9,4,0.8,higher_is_better,-0.5346451177170942,1.0,0.13992202243397373,0.026624197082056447,1.0
bayesian_hyb_fpde,blood-transfusion-service-center,10101,0,openml_repeat0_fold0_sample0,leave_one_seed_reference,sensitivity_full,a92ccbb8368a,a92ccbb8368a,27180951904,1,IEEE Access Bayesian-FPDE sensitivity,refs/heads/main,a4b1906abee769cab2e501f7d241de34d65e5696,618cca24a2bf,618cca24a2bf,814fb77fb768,2026-06-09T03:13:55+00:00,a4b1906abee769cab2e501f7d241de34d65e5696,ok,,full_grid,500,0.75,1.0,0.05567676689084222,0.21613795987159806,-0.39999999999999997,-0.39999999999999997,0.7155555555555555,1.0,0.01295587277469143,1.0,1.0,2.3817707869999083,10,9,4,0.8,higher_is_better,-0.5648604406105694,1.0,0.2179308021375679,0.011196385958627141,1.0
bayesian_hyb_fpde,blood-transfusion-service-center,10101,1,openml_repeat0_fold0_sample0,leave_one_seed_reference,sensitivity_full,a92ccbb8368a,a92ccbb8368a,27180951904,1,IEEE Access Bayesian-FPDE sensitivity,refs/heads/main,a4b1906abee769cab2e501f7d241de34d65e5696,618cca24a2bf,618cca24a2bf,93d7d1fdb5e5,2026-06-09T03:13:55+00:00,a4b1906abee769cab2e501f7d241de34d65e5696,ok,,full_grid,500,0.75,1.0,0.05273390768822288,0.20527368007380492,-0.7999999999999999,-0.7999999999999999,0.7155555555555555,1.0,0.0096377643192671,1.0,1.0,2.3667829229999597,10,9,4,0.8,higher_is_better,-0.9940112025593976,1.0,0.20170189080191975,0.012164872745654916,1.0
bayesian_hyb_fpde,blood-transfusion-service-center,10101,2,openml_repeat0_fold0_sample0,leave_one_seed_reference,sensitivity_full,a92ccbb8368a,a92ccbb8368a,27180951904,1,IEEE Access Bayesian-FPDE sensitivity,refs/heads/main,a4b1906abee769cab2e501f7d241de34d65e5696,618cca24a2bf,618cca24a2bf,b27d321d175a,2026-06-09T03:13:55+00:00,a4b1906abee769cab2e501f7d241de34d65e5696,ok,,full_grid,500,0.75,1.0,0.05383080939520145,0.20954415545470506,-0.39999999999999997,-0.39999999999999997,0.7155555555555555,1.0,0.008456162523593245,1.0,1.0,2.3779929710001397,10,9,4,0.8,higher_is_better,-0.6635329806223514,1.0,0.20331407475406443,0.02705170030621494,1.0
bayesian_hyb_fpde,blood-transfusion-service-center,10101,3,openml_repeat0_fold0_sample0,leave_one_seed_reference,sensitivity_full,a92ccbb8368a,a92ccbb8368a,27180951904,1,IEEE Access Bayesian-FPDE sensitivity,refs/heads/main,a4b1906abee769cab2e501f7d241de34d65e5696,618cca24a2bf,618cca24a2bf,4d59626ab9c2,2026-06-09T03:13:55+00:00,a4b1906abee769cab2e501f7d241de34d65e5696,ok,,full_grid,500,0.75,1.0,0.05437407420544169,0.21087668437656074,-0.7999999999999999,-0.39999999999999997,0.7155555555555555,1.0,0.010936732166232407,1.0,0.75,2.4048205329999064,10,9,4,0.8,higher_is_better,-0.7460042423420469,1.0,0.2137799056786472,0.0056346665686608675,1.0
bayesian_hyb_fpde,blood-transfusion-service-center,10101,4,openml_repeat0_fold0_sample0,leave_one_seed_reference,sensitivity_full,a92ccbb8368a,a92ccbb8368a,27180951904,1,IEEE Access Bayesian-FPDE sensitivity,refs/heads/main,a4b1906abee769cab2e501f7d241de34d65e5696,618cca24a2bf,618cca24a2bf,eb78a7f964a8,2026-06-09T03:13:55+00:00,a4b1906abee769cab2e501f7d241de34d65e5696,ok,,full_grid,500,0.75,1.0,0.053939573495395285,0.2100012341484748,0.39999999999999997,0.39999999999999997,0.7155555555555555,1.0,0.008322824338808628,1.0,1.0,2.428779353999971,10,9,4,0.8,higher_is_better,-0.07044462814300682,1.0,0.2044220624828569,0.014351358210533597,1.0
bayesian_hyb_fpde,blood-transfusion-service-center,10101,5,openml_repeat0_fold0_sample0,leave_one_seed_reference,sensitivity_full,a92ccbb8368a,a92ccbb8368a,27180951904,1,IEEE Access Bayesian-FPDE sensitivity,refs/heads/main,a4b1906abee769cab2e501f7d241de34d65e5696,618cca24a2bf,618cca24a2bf,f52a3828c437,2026-06-09T03:13:55+00:00,a4b1906abee769cab2e501f7d241de34d65e5696,ok,,full_grid,500,0.75,1.0,0.052633943585781606,0.20459019108051316,-0.19999999999999998,-0.19999999999999998,0.7155555555555555,1.0,0.009145231874163684,1.0,1.0,2.3686510840005894,10,9,4,0.8,higher_is_better,0.051766021255733166,1.0,0.19723899847141255,0.005112125411830322,1.0
bayesian_hyb_fpde,blood-transfusion-service-center,10101,6,openml_repeat0_fold0_sample0,leave_one_seed_reference,sensitivity_full,a92ccbb8368a,a92ccbb8368a,27180951904,1,IEEE Access Bayesian-FPDE sensitivity,refs/heads/main,a4b1906abee769cab2e501f7d241de34d65e5696,618cca24a2bf,618cca24a2bf,c030bd1b0660,2026-06-09T03:13:55+00:00,a4b1906abee769cab2e501f7d241de34d65e5696,ok,,full_grid,500,0.75,1.0,0.054537437275060524,0.21232410917535713,-1.0,-0.7999999999999999,0.7155555555555555,1.0,0.008609087846073872,1.0,1.0,2.389285867999547,10,9,4,0.8,higher_is_better,-0.9837397345202477,1.0,0.218461966255316,0.010857713708475755,1.0
bayesian_hyb_fpde,blood-transfusion-service-center,10101,7,openml_repeat0_fold0_sample0,leave_one_seed_reference,sensitivity_full,a92ccbb8368a,a92ccbb8368a,27180951904,1,IEEE Access Bayesian-FPDE sensitivity,refs/heads/main,a4b1906abee769cab2e501f7d241de34d65e5696,618cca24a2bf,618cca24a2bf,1fcf0f3a9534,2026-06-09T03:13:55+00:00,a4b1906abee769cab2e501f7d241de34d65e5696,ok,,full_grid,500,0.75,1.0,0.05431463965006525,0.21120277695531722,0.39999999999999997,0.39999999999999997,0.7155555555555555,1.0,0.010632812929544204,1.0,1.0,2.3748648269996693,10,9,4,0.8,higher_is_better,0.7049282885417907,1.0,0.21780265839402446,0.007223365904859079,1.0
bayesian_hyb_fpde,blood-transfusion-service-center,10101,8,openml_repeat0_fold0_sample0,leave_one_seed_reference,sensitivity_full,a92ccbb8368a,a92ccbb8368a,27180951904,1,IEEE Access Bayesian-FPDE sensitivity,refs/heads/main,a4b1906abee769cab2e501f7d241de34d65e5696,618cca24a2bf,618cca24a2bf,e9562aa54825,2026-06-09T03:13:55+00:00,a4b1906abee769cab2e501f7d241de34d65e5696,ok,,full_grid,500,0.75,1.0,0.054447986434931255,0.21133297746790936,-0.39999999999999997,-0.39999999999999997,0.7155555555555555,1.0,0.00975066305732396,1.0,1.0,2.3869338909998987,10,9,4,0.8,higher_is_better,-0.7827519767940716,1.0,0.21301468908137383,0.005008480487996797,1.0
bayesian_hyb_fpde,blood-transfusion-service-center,10101,9,openml_repeat0_fold0_sample0,leave_one_seed_reference,sensitivity_full,a92ccbb8368a,a92ccbb8368a,27180951904,1,IEEE Access Bayesian-FPDE sensitivity,refs/heads/main,a4b1906abee769cab2e501f7d241de34d65e5696,618cca24a2bf,618cca24a2bf,d2f6b8d72deb,2026-06-09T03:13:55+00:00,a4b1906abee769cab2e501f7d241de34d65e5696,ok,,full_grid,500,0.75,1.0,0.05433715359138288,0.21098850397107777,-0.19999999999999998,-0.19999999999999998,0.7155555555555555,1.0,0.012218945152336024,1.0,1.0,2.3549243750004507,10,9,4,0.8,higher_is_better,-0.39258952149274,1.0,0.21015466820941503,0.019702642838833873,1.0
bayesian_hyb_fpde,credit-g,31,0,openml_repeat0_fold0_sample0,leave_one_seed_reference,sensitivity_full,a92ccbb8368a,a92ccbb8368a,27180951904,1,IEEE Access Bayesian-FPDE sensitivity,refs/heads/main,a4b1906abee769cab2e501f7d241de34d65e5696,618cca24a2bf,618cca24a2bf,56748c3b2d6d,2026-06-09T03:13:55+00:00,a4b1906abee769cab2e501f7d241de34d65e5696,ok,,full_grid,500,0.75,1.0,0.011399348428099039,0.04432698139731108,0.511792702273929,0.5096774193548387,0.8261096421646392,0.6867724867724868,0.002400592394404632,1.0,1.0,3.2659569509999926,10,9,61,0.8,higher_is_better,0.4864187264240334,0.8048780487804879,0.030128394938122874,0.003803067644044302,0.6666666666666666
bayesian_hyb_fpde,credit-g,31,1,openml_repeat0_fold0_sample0,leave_one_seed_reference,sensitivity_full,a92ccbb8368a,a92ccbb8368a,27180951904,1,IEEE Access Bayesian-FPDE sensitivity,refs/heads/main,a4b1906abee769cab2e501f7d241de34d65e5696,618cca24a2bf,618cca24a2bf,27391a6e1a96,2026-06-09T03:13:55+00:00,a4b1906abee769cab2e501f7d241de34d65e5696,ok,,full_grid,500,0.75,1.0,0.011473679155352867,0.044628751270640456,0.6637757800105762,0.6634056054997356,0.8261096421646392,0.6867724867724868,0.002671189816653021,1.0,0.9836065573770492,3.2619905010000707,10,9,61,0.8,higher_is_better,0.6508259352153795,0.8536585365853658,0.02899209278021493,0.0023326367270821353,0.6666666666666666
bayesian_hyb_fpde,credit-g,31,2,openml_repeat0_fold0_sample0,leave_one_seed_reference,sensitivity_full,a92ccbb8368a,a92ccbb8368a,27180951904,1,IEEE Access Bayesian-FPDE sensitivity,refs/heads/main,a4b1906abee769cab2e501f7d241de34d65e5696,618cca24a2bf,618cca24a2bf,1f438f455826,2026-06-09T03:13:55+00:00,a4b1906abee769cab2e501f7d241de34d65e5696,ok,,full_grid,500,0.75,1.0,0.011105375060932933,0.04319133448646814,0.5399259650978316,0.5413008989952406,0.8261096421646392,0.6867724867724868,0.005301521334214121,1.0,1.0,3.2716124729997773,10,9,61,0.8,higher_is_better,0.5836462630776078,0.8048780487804879,0.025346184479539242,0.003180296300404758,0.6666666666666666
bayesian_hyb_fpde,credit-g,31,3,openml_repeat0_fold0_sample0,leave_one_seed_reference,sensitivity_full,a92ccbb8368a,a92ccbb8368a,27180951904,1,IEEE Access Bayesian-FPDE sensitivity,refs/heads/main,a4b1906abee769cab2e501f7d241de34d65e5696,618cca24a2bf,618cca24a2bf,4db3f2e5a674,2026-06-09T03:13:55+00:00,a4b1906abee769cab2e501f7d241de34d65e5696,ok,,full_grid,500,0.75,0.9836065573770492,0.011442402945114718,0.044437530926638616,0.5963511369645689,0.5950290851401374,0.8261096421646392,0.6867724867724868,0.004151802705598568,1.0,0.9836065573770492,3.2997526440001934,10,9,61,0.8,higher_is_better,0.4649299647174739,0.8536585365853658,0.02733765026471784,0.002190849531788419,1.0
bayesian_hyb_fpde,credit-g,31,4,openml_repeat0_fold0_sample0,leave_one_seed_reference,sensitivity_full,a92ccbb8368a,a92ccbb8368a,27180951904,1,IEEE Access Bayesian-FPDE sensitivity,refs/heads/main,a4b1906abee769cab2e501f7d241de34d65e5696,618cca24a2bf,618cca24a2bf,5372be909126,2026-06-09T03:13:55+00:00,a4b1906abee769cab2e501f7d241de34d65e5696,ok,,full_grid,500,0.75,1.0,0.011316807553825888,0.04396533394151367,0.7267583289264937,0.7267054468535166,0.8261096421646392,0.6867724867724868,0.0038671016726354963,1.0,0.9672131147540983,3.258765908000214,10,9,61,0.8,higher_is_better,0.4931749829990532,0.8780487804878049,0.026510951946435494,0.002314427724459879,0.6666666666666666
bayesian_hyb_fpde,credit-g,31,5,openml_repeat0_fold0_sample0,leave_one_seed_reference,sensitivity_full,a92ccbb8368a,a92ccbb8368a,27180951904,1,IEEE Access Bayesian-FPDE sensitivity,refs/heads/main,a4b1906abee769cab2e501f7d241de34d65e5696,618cca24a2bf,618cca24a2bf,8dbccbd8604e,2026-06-09T03:13:55+00:00,a4b1906abee769cab2e501f7d241de34d65e5696,ok,,full_grid,500,0.75,1.0,0.011199708351967638,0.0435367476861611,0.667160232681121,0.6670015864621892,0.8261096421646392,0.6867724867724868,0.003983447974602823,1.0,0.9836065573770492,3.2415775320001785,10,9,61,0.8,higher_is_better,0.6576107986595393,0.7804878048780488,0.026864289927198862,0.0026895551364762597,1.0
bayesian_hyb_fpde,credit-g,31,6,openml_repeat0_fold0_sample0,leave_one_seed_reference,sensitivity_full,a92ccbb8368a,a92ccbb8368a,27180951904,1,IEEE Access Bayesian-FPDE sensitivity,refs/heads/main,a4b1906abee769cab2e501f7d241de34d65e5696,618cca24a2bf,618cca24a2bf,60581c8e89cd,2026-06-09T03:13:55+00:00,a4b1906abee769cab2e501f7d241de34d65e5696,ok,,full_grid,500,0.75,1.0,0.011444506423470112,0.04449779963703462,0.5551031200423056,0.5562665256478053,0.8261096421646392,0.6867724867724868,0.003357563210667729,1.0,1.0,3.2753651050001054,10,9,61,0.8,higher_is_better,0.5352736555025682,0.8048780487804879,0.025564147733864406,0.002114812647257779,0.6666666666666666
bayesian_hyb_fpde,credit-g,31,7,openml_repeat0_fold0_sample0,leave_one_seed_reference,sensitivity_full,a92ccbb8368a,a92ccbb8368a,27180951904,1,IEEE Access Bayesian-FPDE sensitivity,refs/heads/main,a4b1906abee769cab2e501f7d241de34d65e5696,618cca24a2bf,618cca24a2bf,c634d1a93128,2026-06-09T03:13:55+00:00,a4b1906abee769cab2e501f7d241de34d65e5696,ok,,full_grid,500,0.75,1.0,0.011281822125666712,0.04378200821448039,0.5483870967741935,0.5468006345848757,0.8261096421646392,0.6867724867724868,0.003388555035960924,1.0,1.0,3.259591384999908,10,9,61,0.8,higher_is_better,0.4796911946452679,0.8292682926829268,0.025499571046026556,0.0019483230053674507,0.6666666666666666
bayesian_hyb_fpde,credit-g,31,8,openml_repeat0_fold0_sample0,leave_one_seed_reference,sensitivity_full,a92ccbb8368a,a92ccbb8368a,27180951904,1,IEEE Access Bayesian-FPDE sensitivity,refs/heads/main,a4b1906abee769cab2e501f7d241de34d65e5696,618cca24a2bf,618cca24a2bf,ab3a5e8c9f77,2026-06-09T03:13:55+00:00,a4b1906abee769cab2e501f7d241de34d65e5696,ok,,full_grid,500,0.75,0.9836065573770492,0.011412414785648988,0.04433317971679042,0.6554732945531465,0.6562665256478054,0.8261096421646392,0.6867724867724868,0.003892667720683022,1.0,1.0,3.2872648970001137,10,9,61,0.8,higher_is_better,0.4319698175002758,0.9024390243902439,0.027666167682474145,0.002768721542316421,0.6666666666666666
bayesian_hyb_fpde,credit-g,31,9,openml_repeat0_fold0_sample0,leave_one_seed_reference,sensitivity_full,a92ccbb8368a,a92ccbb8368a,27180951904,1,IEEE Access Bayesian-FPDE sensitivity,refs/heads/main,a4b1906abee769cab2e501f7d241de34d65e5696,618cca24a2bf,618cca24a2bf,8f19f63543f9,2026-06-09T03:13:55+00:00,a4b1906abee769cab2e501f7d241de34d65e5696,ok,,full_grid,500,0.75,0.9836065573770492,0.011383266827985144,0.044245986125276145,0.7002644103648862,0.6993654151242727,0.8261096421646392,0.6867724867724868,0.003580196828551775,1.0,1.0,3.2357563360001222,10,9,61,0.8,higher_is_better,0.5583660234415174,0.7560975609756098,0.028523739368572557,0.002972054257436611,1.0
bayesian_hyb_fpde,diabetes,37,0,openml_repeat0_fold0_sample0,leave_one_seed_reference,sensitivity_full,a92ccbb8368a,a92ccbb8368a,27180951904,1,IEEE Access Bayesian-FPDE sensitivity,refs/heads/main,a4b1906abee769cab2e501f7d241de34d65e5696,618cca24a2bf,618cca24a2bf,0143db439e67,2026-06-09T03:13:55+00:00,a4b1906abee769cab2e501f7d241de34d65e5696,ok,,full_grid,500,0.75,1.0,0.049045241732954534,0.19078677475519207,-0.11904761904761905,-0.11904761904761905,0.9566137566137566,0.9333333333333333,0.051497258192195895,1.0,1.0,2.451373812000128,10,9,8,0.8,higher_is_better,-0.1840640919075369,1.0,0.1958210737768269,0.00909879492255546,1.0
bayesian_hyb_fpde,diabetes,37,1,openml_repeat0_fold0_sample0,leave_one_seed_reference,sensitivity_full,a92ccbb8368a,a92ccbb8368a,27180951904,1,IEEE Access Bayesian-FPDE sensitivity,refs/heads/main,a4b1906abee769cab2e501f7d241de34d65e5696,618cca24a2bf,618cca24a2bf,1d405ef769a4,2026-06-09T03:13:55+00:00,a4b1906abee769cab2e501f7d241de34d65e5696,ok,,full_grid,500,0.75,1.0,0.05074516679189779,0.19700141507594965,0.6428571428571429,0.6190476190476191,0.9566137566137566,0.9333333333333333,0.05688755264307907,1.0,1.0,2.4576528909998956,10,9,8,0.8,higher_is_better,0.46318554279878615,1.0,0.20178573564916036,0.01947361406594961,1.0
bayesian_hyb_fpde,diabetes,37,2,openml_repeat0_fold0_sample0,leave_one_seed_reference,sensitivity_full,a92ccbb8368a,a92ccbb8368a,27180951904,1,IEEE Access Bayesian-FPDE sensitivity,refs/heads/main,a4b1906abee769cab2e501f7d241de34d65e5696,618cca24a2bf,618cca24a2bf,6ce2a578f707,2026-06-09T03:13:55+00:00,a4b1906abee769cab2e501f7d241de34d65e5696,ok,,full_grid,500,0.75,1.0,0.05087987359821154,0.1978606502901294,-0.2380952380952381,-0.2380952380952381,0.9566137566137566,0.9333333333333333,0.05321877423380709,1.0,1.0,2.4752663779998443,10,9,8,0.8,higher_is_better,0.21522075603468455,0.875,0.206365806220119,0.019405197353338004,1.0
bayesian_hyb_fpde,diabetes,37,3,openml_repeat0_fold0_sample0,leave_one_seed_reference,sensitivity_full,a92ccbb8368a,a92ccbb8368a,27180951904,1,IEEE Access Bayesian-FPDE sensitivity,refs/heads/main,a4b1906abee769cab2e501f7d241de34d65e5696,618cca24a2bf,618cca24a2bf,7942d442fc06,2026-06-09T03:13:55+00:00,a4b1906abee769cab2e501f7d241de34d65e5696,ok,,full_grid,500,0.75,1.0,0.048697578663361545,0.18924094368022124,0.2380952380952381,0.2380952380952381,0.9566137566137566,0.9333333333333333,0.052661795235941104,1.0,1.0,2.4850076409999815,10,9,8,0.8,higher_is_better,0.33370184507396,1.0,0.1970633998971713,0.014957098982921972,1.0
bayesian_hyb_fpde,diabetes,37,4,openml_repeat0_fold0_sample0,leave_one_seed_reference,sensitivity_full,a92ccbb8368a,a92ccbb8368a,27180951904,1,IEEE Access Bayesian-FPDE sensitivity,refs/heads/main,a4b1906abee769cab2e501f7d241de34d65e5696,618cca24a2bf,618cca24a2bf,2d4e5785df44,2026-06-09T03:13:55+00:00,a4b1906abee769cab2e501f7d241de34d65e5696,ok,,full_grid,500,0.75,1.0,0.04983436512888173,0.19354601821221373,-0.3571428571428572,-0.30952380952380953,0.9566137566137566,0.9333333333333333,0.051240664353189386,1.0,1.0,2.4592710640000632,10,9,8,0.8,higher_is_better,-0.18688722021072474,1.0,0.20042547927628374,0.013391208702205417,1.0
bayesian_hyb_fpde,diabetes,37,5,openml_repeat0_fold0_sample0,leave_one_seed_reference,sensitivity_full,a92ccbb8368a,a92ccbb8368a,27180951904,1,IEEE Access Bayesian-FPDE sensitivity,refs/heads/main,a4b1906abee769cab2e501f7d241de34d65e5696,618cca24a2bf,618cca24a2bf,2a34a7e9401c,2026-06-09T03:13:55+00:00,a4b1906abee769cab2e501f7d241de34d65e5696,ok,,full_grid,500,0.75,1.0,0.049216722512890373,0.19149485696064183,-0.4523809523809524,-0.4523809523809524,0.9566137566137566,0.9333333333333333,0.052574572881402125,0.6666666666666666,1.0,2.463883310999904,10,9,8,0.8,higher_is_better,-0.2745549112084974,1.0,0.19906416300880286,0.011411692646923426,0.6666666666666666
bayesian_hyb_fpde,diabetes,37,6,openml_repeat0_fold0_sample0,leave_one_seed_reference,sensitivity_full,a92ccbb8368a,a92ccbb8368a,27180951904,1,IEEE Access Bayesian-FPDE sensitivity,refs/heads/main,a4b1906abee769cab2e501f7d241de34d65e5696,618cca24a2bf,618cca24a2bf,f68d69536e34,2026-06-09T03:13:55+00:00,a4b1906abee769cab2e501f7d241de34d65e5696,ok,,full_grid,500,0.75,1.0,0.049374643013372514,0.19241363751893364,-0.4523809523809524,-0.4523809523809524,0.9566137566137566,0.9333333333333333,0.052080631477607026,1.0,1.0,2.460086044999798,10,9,8,0.8,higher_is_better,-0.12504677563397926,1.0,0.19442610936688706,0.011882416420391197,1.0
bayesian_hyb_fpde,diabetes,37,7,openml_repeat0_fold0_sample0,leave_one_seed_reference,sensitivity_full,a92ccbb8368a,a92ccbb8368a,27180951904,1,IEEE Access Bayesian-FPDE sensitivity,refs/heads/main,a4b1906abee769cab2e501f7d241de34d65e5696,618cca24a2bf,618cca24a2bf,cc7549af9237,2026-06-09T03:13:55+00:00,a4b1906abee769cab2e501f7d241de34d65e5696,ok,,full_grid,500,0.75,1.0,0.05107728044904981,0.1986702455808415,-0.04761904761904763,-0.04761904761904763,0.9566137566137566,0.9333333333333333,0.055423274388297444,1.0,1.0,2.4548843179999267,10,9,8,0.8,higher_is_better,0.12822399689636182,1.0,0.2063003918894628,0.024968037047136852,1.0
bayesian_hyb_fpde,diabetes,37,8,openml_repeat0_fold0_sample0,leave_one_seed_reference,sensitivity_full,a92ccbb8368a,a92ccbb8368a,27180951904,1,IEEE Access Bayesian-FPDE sensitivity,refs/heads/main,a4b1906abee769cab2e501f7d241de34d65e5696,618cca24a2bf,618cca24a2bf,aaf7fea78434,2026-06-09T03:13:55+00:00,a4b1906abee769cab2e501f7d241de34d65e5696,ok,,full_grid,500,0.75,1.0,0.04878115331803846,0.1898353627893598,-0.5952380952380953,-0.5952380952380953,0.9566137566137566,0.9333333333333333,0.05138130057934932,1.0,1.0,2.454169448000698,10,9,8,0.8,higher_is_better,-0.790748656542964,0.875,0.1958920634493564,0.006646652039770196,1.0
bayesian_hyb_fpde,diabetes,37,9,openml_repeat0_fold0_sample0,leave_one_seed_reference,sensitivity_full,a92ccbb8368a,a92ccbb8368a,27180951904,1,IEEE Access Bayesian-FPDE sensitivity,refs/heads/main,a4b1906abee769cab2e501f7d241de34d65e5696,618cca24a2bf,618cca24a2bf,ae70d6302b4f,2026-06-09T03:13:55+00:00,a4b1906abee769cab2e501f7d241de34d65e5696,ok,,full_grid,500,0.75,1.0,0.04944659008627175,0.192434913784728,-0.023809523809523815,-0.14285714285714288,0.9566137566137566,0.9333333333333333,0.04629673049466591,1.0,1.0,2.4508632379996698,10,9,8,0.8,higher_is_better,0.05176322432523206,0.875,0.19667238631104356,0.020968046771920795,1.0
bayesian_hyb_fpde,wdbc,9946,0,openml_repeat0_fold0_sample0,leave_one_seed_reference,sensitivity_full,a92ccbb8368a,a92ccbb8368a,27180951904,1,IEEE Access Bayesian-FPDE sensitivity,refs/heads/main,a4b1906abee769cab2e501f7d241de34d65e5696,618cca24a2bf,618cca24a2bf,018ce29a4059,2026-06-09T03:13:55+00:00,a4b1906abee769cab2e501f7d241de34d65e5696,ok,,full_grid,500,0.75,1.0,0.046887227602444535,0.18212796039559748,-0.26852057842046717,-0.2876529477196885,0.98959831912001,0.7925925925925924,0.18617393243762648,1.0,1.0,2.7731992610000304,10,9,30,0.8,higher_is_better,-0.24015563679675628,1.0,0.1826417927952492,0.012163931831592064,0.6666666666666666
bayesian_hyb_fpde,wdbc,9946,1,openml_repeat0_fold0_sample0,leave_one_seed_reference,sensitivity_full,a92ccbb8368a,a92ccbb8368a,27180951904,1,IEEE Access Bayesian-FPDE sensitivity,refs/heads/main,a4b1906abee769cab2e501f7d241de34d65e5696,618cca24a2bf,618cca24a2bf,f929d2a893f2,2026-06-09T03:13:55+00:00,a4b1906abee769cab2e501f7d241de34d65e5696,ok,,full_grid,500,0.75,1.0,0.04655856817811814,0.18091861458095698,-0.19866518353726362,-0.12703003337041155,0.98959831912001,0.7925925925925924,0.18764135062582132,1.0,1.0,2.7867623190003314,10,9,30,0.8,higher_is_better,-0.10549416653573075,0.9629629629629629,0.18479176791713572,0.020611744770029156,0.6666666666666666
bayesian_hyb_fpde,wdbc,9946,2,openml_repeat0_fold0_sample0,leave_one_seed_reference,sensitivity_full,a92ccbb8368a,a92ccbb8368a,27180951904,1,IEEE Access Bayesian-FPDE sensitivity,refs/heads/main,a4b1906abee769cab2e501f7d241de34d65e5696,618cca24a2bf,618cca24a2bf,2688b960f824,2026-06-09T03:13:55+00:00,a4b1906abee769cab2e501f7d241de34d65e5696,ok,,full_grid,500,0.75,1.0,0.04665956026855202,0.18131412014154474,-0.26585094549499444,-0.2600667408231368,0.98959831912001,0.7925925925925924,0.18378460071710845,1.0,1.0,2.7979040650001252,10,9,30,0.8,higher_is_better,-0.2304643912505936,1.0,0.17829762584770353,0.010974301513549894,0.6666666666666666
bayesian_hyb_fpde,wdbc,9946,3,openml_repeat0_fold0_sample0,leave_one_seed_reference,sensitivity_full,a92ccbb8368a,a92ccbb8368a,27180951904,1,IEEE Access Bayesian-FPDE sensitivity,refs/heads/main,a4b1906abee769cab2e501f7d241de34d65e5696,618cca24a2bf,618cca24a2bf,8b5ea6cbb181,2026-06-09T03:13:55+00:00,a4b1906abee769cab2e501f7d241de34d65e5696,ok,,full_grid,500,0.75,1.0,0.045997188065446885,0.17862243127394112,-0.5523915461624027,-0.5474972191323693,0.98959831912001,0.7925925925925924,0.17365331417696125,1.0,1.0,2.791135565000218,10,9,30,0.8,higher_is_better,-0.556651980895847,1.0,0.17538166323313464,0.0237095418110561,0.6666666666666666
bayesian_hyb_fpde,wdbc,9946,4,openml_repeat0_fold0_sample0,leave_one_seed_reference,sensitivity_full,a92ccbb8368a,a92ccbb8368a,27180951904,1,IEEE Access Bayesian-FPDE sensitivity,refs/heads/main,a4b1906abee769cab2e501f7d241de34d65e5696,618cca24a2bf,618cca24a2bf,325617e70a95,2026-06-09T03:13:55+00:00,a4b1906abee769cab2e501f7d241de34d65e5696,ok,,full_grid,500,0.75,1.0,0.047390053234278515,0.18415716933838874,-0.5341490545050055,-0.5377085650723026,0.98959831912001,0.7925925925925924,0.18652366848281998,1.0,1.0,2.8069088880004074,10,9,30,0.8,higher_is_better,-0.4284938528272556,1.0,0.18089158310535086,0.014581613128874392,0.6666666666666666
bayesian_hyb_fpde,wdbc,9946,5,openml_repeat0_fold0_sample0,leave_one_seed_reference,sensitivity_full,a92ccbb8368a,a92ccbb8368a,27180951904,1,IEEE Access Bayesian-FPDE sensitivity,refs/heads/main,a4b1906abee769cab2e501f7d241de34d65e5696,618cca24a2bf,618cca24a2bf,98e6efb2cd5d,2026-06-09T03:13:55+00:00,a4b1906abee769cab2e501f7d241de34d65e5696,ok,,full_grid,500,0.75,0.9,0.04608030369412785,0.1789545606098303,-0.5701890989988877,-0.5670745272525028,0.98959831912001,0.7925925925925924,0.17357774585751135,1.0,1.0,2.8143151929992882,10,9,30,0.8,higher_is_better,-0.603013653354288,1.0,0.17723855791569212,0.028146425367518553,0.6666666666666666
bayesian_hyb_fpde,wdbc,9946,6,openml_repeat0_fold0_sample0,leave_one_seed_reference,sensitivity_full,a92ccbb8368a,a92ccbb8368a,27180951904,1,IEEE Access Bayesian-FPDE sensitivity,refs/heads/main,a4b1906abee769cab2e501f7d241de34d65e5696,618cca24a2bf,618cca24a2bf,8eb963f0ff17,2026-06-09T03:13:55+00:00,a4b1906abee769cab2e501f7d241de34d65e5696,ok,,full_grid,500,0.75,1.0,0.04761308409230938,0.1848706145134811,-0.37486095661846497,-0.3931034482758621,0.98959831912001,0.7925925925925924,0.1897034599137418,1.0,1.0,2.8098243610000964,10,9,30,0.8,higher_is_better,-0.3641424712991743,1.0,0.18254122797104116,0.024016626074440415,1.0
bayesian_hyb_fpde,wdbc,9946,7,openml_repeat0_fold0_sample0,leave_one_seed_reference,sensitivity_full,a92ccbb8368a,a92ccbb8368a,27180951904,1,IEEE Access Bayesian-FPDE sensitivity,refs/heads/main,a4b1906abee769cab2e501f7d241de34d65e5696,618cca24a2bf,618cca24a2bf,b3101a950ed4,2026-06-09T03:13:55+00:00,a4b1906abee769cab2e501f7d241de34d65e5696,ok,,full_grid,500,0.75,0.9666666666666667,0.0466674123955763,0.1810024914565784,-0.16307007786429364,-0.16796440489432704,0.98959831912001,0.7925925925925924,0.18038199003491462,1.0,1.0,2.8025961580003695,10,9,30,0.8,higher_is_better,-0.10036477083215967,0.9629629629629629,0.1774798711033313,0.02742717945275397,0.6666666666666666
bayesian_hyb_fpde,wdbc,9946,8,openml_repeat0_fold0_sample0,leave_one_seed_reference,sensitivity_full,a92ccbb8368a,a92ccbb8368a,27180951904,1,IEEE Access Bayesian-FPDE sensitivity,refs/heads/main,a4b1906abee769cab2e501f7d241de34d65e5696,618cca24a2bf,618cca24a2bf,d5f6c524eada,2026-06-09T03:13:55+00:00,a4b1906abee769cab2e501f7d241de34d65e5696,ok,,full_grid,500,0.75,0.9333333333333333,0.04485184486382942,0.17421758478966487,-0.2867630700778643,-0.29076751946607343,0.98959831912001,0.7925925925925924,0.17487680058252222,1.0,1.0,2.8119933010004843,10,9,30,0.8,higher_is_better,-0.24075867369336199,1.0,0.17485855165767772,0.026838028521156274,0.6666666666666666
bayesian_hyb_fpde,wdbc,9946,9,openml_repeat0_fold0_sample0,leave_one_seed_reference,sensitivity_full,a92ccbb8368a,a92ccbb8368a,27180951904,1,IEEE Access Bayesian-FPDE sensitivity,refs/heads/main,a4b1906abee769cab2e501f7d241de34d65e5696,618cca24a2bf,618cca24a2bf,070d541ba7e1,2026-06-09T03:13:55+00:00,a4b1906abee769cab2e501f7d241de34d65e5696,ok,,full_grid,500,0.75,1.0,0.047880208792755674,0.18585577203246104,-0.3459399332591768,-0.3481646273637375,0.98959831912001,0.7925925925925924,0.18891407333905136,1.0,1.0,2.7840772629997446,10,9,30,0.8,higher_is_better,-0.2936601805656452,1.0,0.18458086010689578,0.01913957633769682,1.0
